run_uid,dataset,seed,round,runtime,strategy,result_schema_version,vcaa_algorithm_version,niabd_algorithm_version,aggregation_algorithm_version,run_class,attack_condition,topology,server_role,client_role,server_model,client_model,architecture_assignment_hash,server_parameter_count,client_parameter_count,server_device,client_device,num_clients,partition_scheme,knowledge_interface,aggregation_rule,vcaa_enabled,admission_method,niabd_enabled,defense_method,attack_type,attack_plan_id,target_label,malicious_fraction,poison_ratio,attack_start_round,attack_active,poisoned_samples,eligible_poison_samples,attack_stats_missing_count,basr_global,basr_global_numerator,basr_global_denominator,basr_local_1,basr_local_2,basr_local_3,basr_local_4,malicious_mean_anomaly_fraction,benign_mean_anomaly_fraction,malicious_mean_suppression,benign_mean_suppression,malicious_memory_eligible_rate,benign_memory_eligible_rate,accuracy,loss,local_train_time_s,upload_time_s,admission_time_s,defense_time_s,distill_time_s,round_time_s,wall_clock_time_s,clients_trained,server_client_distillations,server_updates_from_clients,client_upload_bytes,server_broadcast_bytes,client_reverse_distillations,server_update_applied,teachers_admitted,admitted_teachers,teachers_rejected,teacher_utilization,admission_threshold,admission_score_mean,vcaa_version_score_mean,vcaa_version_lag_score_mean,vcaa_age_score_mean,vcaa_content_score_mean,vcaa_proxy_accuracy_mean,vcaa_entropy_mean,vcaa_kl_mean,vcaa_history_size,teachers_purified,niabd_warmup,niabd_anomaly_fraction,niabd_mean_suppression,niabd_threshold_mean,niabd_threshold_min,niabd_threshold_max,niabd_prototype_updated,niabd_prototype_observations,niabd_memory_eligible_teachers,niabd_prototype_update_reason,niabd_memory_candidate_teachers,memory_candidate_teachers,normal_eligible_teachers,drift_recovery_candidates,memory_update_teachers,niabd_memory_update_reason,niabd_observations,niabd_defense_available,niabd_purification_applied,niabd_memory_updated,niabd_teacher_score_mean,niabd_teacher_score_median,niabd_teacher_score_mad,niabd_high_quantile_deviation,niabd_mean_excess,niabd_consensus_deviation,niabd_current_consensus_drift,niabd_all_ineligible_round,niabd_consecutive_frozen_rounds,niabd_effective_memory_weight,niabd_eligible_teacher_observations,niabd_memory_update_rounds,vcaa_hard_rejected,vcaa_version_rejected,vcaa_age_rejected,vcaa_freshness_score_mean,vcaa_content_reliability_mean,vcaa_aggregation_weight_mean,niabd_phase,niabd_round_risk,niabd_risk_ema,niabd_consensus_shift,niabd_eligible_ratio,niabd_trusted_memory_frozen,niabd_trusted_memory_updated,niabd_threshold_update_mode,niabd_reference_trusted_weight,niabd_recovery_stable_rounds,nonfinite_eval_batches,nonfinite_distill_rollbacks,numeric_failure_count,transaction_id,transaction_status,rollback_reason,student_snapshot_sha256,received_teachers,checkpoint_path,checkpoint_sha256,aggregation_time_s,client_wire_bytes,selected_clients,dispatched_clients,busy_skipped_clients,offline_clients,packets_consumed,fresh_packets,mild_stale_packets,moderate_stale_packets,severe_stale_packets,mean_version_lag,max_version_lag,mean_knowledge_age_s,max_knowledge_age_s,upload_attempt_drop_count,rpc_timeout_count,retry_count,quorum_required,quorum_reached,soft_deadline_s,hard_deadline_s,git_commit_sha,git_dirty,config_sha256,runtime_profile_sha256,vcaa_freshness_valid_teachers,vcaa_effective_teacher_count,vcaa_weight_cv,vcaa_weight_total_variation_from_uniform,vcaa_content_reliability_saturation_fraction,vcaa_content_score_center,vcaa_content_score_scale,vcaa_content_gate_active,vcaa_content_threshold_source,vcaa_content_history_observations,vcaa_content_valid,vcaa_content_rejected,vcaa_effective_age_half_life_s,vcaa_effective_max_knowledge_age_s,vcaa_age_scale_mode,vcaa_content_threshold_role,vcaa_threshold_used_for_weighting
3ef75fdf27cb,cifar10,0,1,sync,vcaa,fedagg-results-v3,vcaa-v5-lineage-content-admission-runtime-age,none,aggregation-v1-probability-space,smoke,attacked,server-client,global-student,local-teacher,small_cnn,"small_cnn,small_cnn,small_cnn,small_cnn",0b46669105d5e60da8966c57c14d8790973af27d3e130435fccb864f185cd066,94986,94986,mps,mps,4,dirichlet,serialized-proxy-logits,mean-soft-probabilities,1,vcaa,0,none,badnets,872667c04f7263a04d536de88cb2ac7b082c401a76843dc7b10981482d5938a2,0,0.2,0.2,15,0,0,0,0,0.0,0,9000,,,,,,,,,,,0.0102,1.16003422164917,0.6824470830033533,0.04762162499537226,0.0007543750107288361,7.499911589547992e-07,0.07792395900469273,2.7463936249987455,2.7463936249987455,4,4,4,20480,20480,4,1,4,4,0,1.0,,0.9652295469270566,1.0,1.0,0.9652295469270566,0.42792043476947583,0.12109375,2.3016446828842163,0.0017907291476149112,1,0,,,,,,,,,,,,,,0,0,,,,,,,,,,,,,,,,,,0,0,0,0.9652295469270566,1.0,0.9652295469270566,,,,,,,,,,,0,1,1.0,sync-1-47ae5ab9694111dd,committed,nonfinite_model,47ae5ab9694111ddca637261c38236c0e3ada83fe9ced9e8e5446662fc298d4a,4,,,,,,,,,,,,,,,,,,,,,,,,,78f0f4d87d3adf5403874ca1004284121563c9d7,True,5ebfab65683db6c5ca7d56040029e396c41f63435008febcd8af310140f3b77f,504b855ad7153485c5929f9b13828817605e261c47c8e729481154bffd62c1a0,4,3.9990039350022153,0.015782213849261536,0.007048129469271247,1.0,0.42192544788122177,0.10542872791205299,False,warmup_disabled,0,4,0,0.5,2.0,runtime-calibrated,admission_gate,False
3ef75fdf27cb,cifar10,0,2,sync,vcaa,fedagg-results-v3,vcaa-v5-lineage-content-admission-runtime-age,none,aggregation-v1-probability-space,smoke,attacked,server-client,global-student,local-teacher,small_cnn,"small_cnn,small_cnn,small_cnn,small_cnn",0b46669105d5e60da8966c57c14d8790973af27d3e130435fccb864f185cd066,94986,94986,mps,mps,4,dirichlet,serialized-proxy-logits,mean-soft-probabilities,1,vcaa,0,none,badnets,872667c04f7263a04d536de88cb2ac7b082c401a76843dc7b10981482d5938a2,0,0.2,0.2,15,0,0,0,0,0.0,0,9000,,,,,,,,,,,0.0116,1.1508064430236817,0.06275383300089743,0.03628308299812488,0.000581291998969391,6.67001586407423e-07,0.05503425000642892,1.7256120829988504,4.472005707997596,4,4,4,20480,20480,4,1,4,4,0,1.0,,0.753630924375308,1.0,1.0,0.9708837596195417,0.4019136032920225,0.115234375,2.3008719086647034,0.0031228747975546867,1,0,,,,,,,,,,,,,,0,0,,,,,,,,,,,,,,,,,,0,0,0,0.9708837596195417,0.5546967339549039,0.753630924375308,,,,,,,,,,,0,1,1.0,sync-2-47ae5ab9694111dd,committed,nonfinite_model,47ae5ab9694111ddca637261c38236c0e3ada83fe9ced9e8e5446662fc298d4a,4,,,,,,,,,,,,,,,,,,,,,,,,,78f0f4d87d3adf5403874ca1004284121563c9d7,True,5ebfab65683db6c5ca7d56040029e396c41f63435008febcd8af310140f3b77f,504b855ad7153485c5929f9b13828817605e261c47c8e729481154bffd62c1a0,4,3.9237024594751464,0.13944637722845205,0.06408423851157984,0.0,0.3684498690563487,0.1004026373763205,False,insufficient_history,0,4,0,0.5,2.0,runtime-calibrated,admission_gate,False
3ef75fdf27cb,cifar10,0,3,sync,vcaa,fedagg-results-v3,vcaa-v5-lineage-content-admission-runtime-age,none,aggregation-v1-probability-space,smoke,attacked,server-client,global-student,local-teacher,small_cnn,"small_cnn,small_cnn,small_cnn,small_cnn",0b46669105d5e60da8966c57c14d8790973af27d3e130435fccb864f185cd066,94986,94986,mps,mps,4,dirichlet,serialized-proxy-logits,mean-soft-probabilities,1,vcaa,0,none,badnets,872667c04f7263a04d536de88cb2ac7b082c401a76843dc7b10981482d5938a2,0,0.2,0.2,15,0,0,0,0,0.0,0,9000,,,,,,,,,,,0.0276,1.2991424354553223,0.06249858300725464,0.046930917000281624,0.0005327500111889094,6.249902071431279e-07,0.05799758300418034,1.730639916000655,6.202645623998251,4,4,4,20480,20480,4,1,4,4,0,1.0,,0.732779019478491,1.0,1.0,0.9696969576584523,0.42774830955568177,0.12109375,2.301651418209076,0.0017586871108505875,1,0,,,,,,,,,,,,,,0,0,,,,,,,,,,,,,,,,,,0,0,0,0.9696969576584523,0.5126893454448743,0.732779019478491,,,,,,,,,,,0,1,1.0,sync-3-47ae5ab9694111dd,committed,nonfinite_model,47ae5ab9694111ddca637261c38236c0e3ada83fe9ced9e8e5446662fc298d4a,4,,,,,,,,,,,,,,,,,,,,,,,,,78f0f4d87d3adf5403874ca1004284121563c9d7,True,5ebfab65683db6c5ca7d56040029e396c41f63435008febcd8af310140f3b77f,504b855ad7153485c5929f9b13828817605e261c47c8e729481154bffd62c1a0,4,3.9333638948736214,0.1301585611003298,0.04889356963755437,0.0,0.4199453070759773,0.10304630458346291,False,insufficient_history,0,4,0,0.5,2.0,runtime-calibrated,admission_gate,False
3ef75fdf27cb,cifar10,0,4,sync,vcaa,fedagg-results-v3,vcaa-v5-lineage-content-admission-runtime-age,none,aggregation-v1-probability-space,smoke,attacked,server-client,global-student,local-teacher,small_cnn,"small_cnn,small_cnn,small_cnn,small_cnn",0b46669105d5e60da8966c57c14d8790973af27d3e130435fccb864f185cd066,94986,94986,mps,mps,4,dirichlet,serialized-proxy-logits,mean-soft-probabilities,1,vcaa,0,none,badnets,872667c04f7263a04d536de88cb2ac7b082c401a76843dc7b10981482d5938a2,0,0.2,0.2,15,0,0,0,0,0.0,0,9000,,,,,,,,,,,0.0093,1.2070733242034912,0.061792374996002764,0.04170600000361446,0.0005471659969771281,7.499911589547992e-07,0.057156333001330495,1.7179164160043001,7.920562040002551,4,4,4,20480,20480,4,1,4,4,0,1.0,,0.753511123468116,1.0,1.0,0.9701638825095165,0.4014800183807097,0.11328125,2.3008909225463867,0.0031444826745428145,1,0,,,,,,,,,,,,,,0,0,,,,,,,,,,,,,,,,,,0,0,0,0.9701638825095165,0.5558386054140698,0.753511123468116,,,,,,,,,,,0,1,1.0,sync-4-47ae5ab9694111dd,committed,nonfinite_model,47ae5ab9694111ddca637261c38236c0e3ada83fe9ced9e8e5446662fc298d4a,4,,,,,,,,,,,,,,,,,,,,,,,,,78f0f4d87d3adf5403874ca1004284121563c9d7,True,5ebfab65683db6c5ca7d56040029e396c41f63435008febcd8af310140f3b77f,504b855ad7153485c5929f9b13828817605e261c47c8e729481154bffd62c1a0,4,3.923348935348973,0.13977536277456673,0.06393408434022434,0.0,0.3675710503011942,0.09748744325156383,False,insufficient_history,0,4,0,0.5,2.0,runtime-calibrated,admission_gate,False
3ef75fdf27cb,cifar10,0,5,sync,vcaa,fedagg-results-v3,vcaa-v5-lineage-content-admission-runtime-age,none,aggregation-v1-probability-space,smoke,attacked,server-client,global-student,local-teacher,small_cnn,"small_cnn,small_cnn,small_cnn,small_cnn",0b46669105d5e60da8966c57c14d8790973af27d3e130435fccb864f185cd066,94986,94986,mps,mps,4,dirichlet,serialized-proxy-logits,mean-soft-probabilities,1,vcaa,0,none,badnets,872667c04f7263a04d536de88cb2ac7b082c401a76843dc7b10981482d5938a2,0,0.2,0.2,15,0,0,0,0,0.0,0,9000,,,,,,,,,,,0.0034,0.9655740459442139,0.06196045900287572,0.035909124999307096,0.0005558330012718216,5.00003807246685e-07,0.05946837499504909,1.7178341249964433,9.638396164998994,4,4,4,20480,20480,4,1,4,4,0,1.0,,0.7539023890325824,1.0,1.0,0.9707241212335163,0.4016531704936064,0.11328125,2.300723075866699,0.0032705673365853727,1,0,,,,,,,,,,,,,,0,0,,,,,,,,,,,,,,,,,,0,0,0,0.9707241212335163,0.5555156171926499,0.7539023890325824,,,,,,,,,,,0,1,1.0,sync-5-47ae5ab9694111dd,committed,nonfinite_model,47ae5ab9694111ddca637261c38236c0e3ada83fe9ced9e8e5446662fc298d4a,4,,,,,,,,,,,,,,,,,,,,,,,,,78f0f4d87d3adf5403874ca1004284121563c9d7,True,5ebfab65683db6c5ca7d56040029e396c41f63435008febcd8af310140f3b77f,504b855ad7153485c5929f9b13828817605e261c47c8e729481154bffd62c1a0,4,3.9224220425995715,0.14063454417517096,0.0643301835424817,0.0,0.36793525563552976,0.09751212766831521,False,insufficient_history,0,4,0,0.5,2.0,runtime-calibrated,admission_gate,False
3ef75fdf27cb,cifar10,0,6,sync,vcaa,fedagg-results-v3,vcaa-v5-lineage-content-admission-runtime-age,none,aggregation-v1-probability-space,smoke,attacked,server-client,global-student,local-teacher,small_cnn,"small_cnn,small_cnn,small_cnn,small_cnn",0b46669105d5e60da8966c57c14d8790973af27d3e130435fccb864f185cd066,94986,94986,mps,mps,4,dirichlet,serialized-proxy-logits,mean-soft-probabilities,1,vcaa,0,none,badnets,872667c04f7263a04d536de88cb2ac7b082c401a76843dc7b10981482d5938a2,0,0.2,0.2,15,0,0,0,0,0.0,0,9000,,,,,,,,,,,0.0175,1.176943265914917,0.06215974999940954,0.04312733399274293,0.000549832999240607,7.919879863038659e-07,0.05733120899822097,1.706011624992243,11.344407789991237,4,4,4,20480,20480,4,1,4,4,0,1.0,,0.7429381936495175,1.0,1.0,0.9701614675965351,0.41282550106988003,0.123046875,2.300549864768982,0.003243994142394513,1,0,,,,,,,,,,,,,,0,0,,,,,,,,,,,,,,,,,,0,0,0,0.9701614675965351,0.5300802972756378,0.7429381936495175,,,,,,,,,,,0,0,0.0,sync-6-47ae5ab9694111dd,committed,,47ae5ab9694111ddca637261c38236c0e3ada83fe9ced9e8e5446662fc298d4a,4,,,,,,,,,,,,,,,,,,,,,,,,,78f0f4d87d3adf5403874ca1004284121563c9d7,True,5ebfab65683db6c5ca7d56040029e396c41f63435008febcd8af310140f3b77f,504b855ad7153485c5929f9b13828817605e261c47c8e729481154bffd62c1a0,4,3.9202696278362925,0.14261129602704503,0.06579018284582785,0.0,0.39416725654155016,0.11194596029200934,False,insufficient_history,0,4,0,0.5,2.0,runtime-calibrated,admission_gate,False
3ef75fdf27cb,cifar10,0,7,sync,vcaa,fedagg-results-v3,vcaa-v5-lineage-content-admission-runtime-age,none,aggregation-v1-probability-space,smoke,attacked,server-client,global-student,local-teacher,small_cnn,"small_cnn,small_cnn,small_cnn,small_cnn",0b46669105d5e60da8966c57c14d8790973af27d3e130435fccb864f185cd066,94986,94986,mps,mps,4,dirichlet,serialized-proxy-logits,mean-soft-probabilities,1,vcaa,0,none,badnets,872667c04f7263a04d536de88cb2ac7b082c401a76843dc7b10981482d5938a2,0,0.2,0.2,15,0,0,0,0,0.0,0,9000,,,,,,,,,,,0.0247,1.1210082092285156,0.06261920799443033,0.0364062919979915,0.0005520419945241883,7.089984137564898e-07,0.05748387500352692,1.719501500003389,13.063909289994626,4,4,4,20480,20480,4,1,4,4,0,1.0,0.28222129624954084,0.7323977192498303,1.0,1.0,0.9711635680599948,0.42429514409741387,0.111328125,2.2918147444725037,0.012107055226806551,2,0,,,,,,,,,,,,,,0,0,,,,,,,,,,,,,,,,,,0,0,0,0.9711635680599948,0.5101895421752604,0.7323977192498303,,,,,,,,,,,0,1,1.0,sync-7-734731c2fd7557c1,committed,nonfinite_model,734731c2fd7557c1ae6cd6de65f19d18008aecf04032eb76d3d1d85e4c84e237,4,,,,,,,,,,,,,,,,,,,,,,,,,78f0f4d87d3adf5403874ca1004284121563c9d7,True,5ebfab65683db6c5ca7d56040029e396c41f63435008febcd8af310140f3b77f,504b855ad7153485c5929f9b13828817605e261c47c8e729481154bffd62c1a0,4,3.9455369339281834,0.11748921088353682,0.04654009839514538,0.0,0.41817863285541534,0.10687422436638674,True,historical_median_minus_mad_floor,4,4,0,0.5,2.0,runtime-calibrated,admission_gate,True
3ef75fdf27cb,cifar10,0,8,sync,vcaa,fedagg-results-v3,vcaa-v5-lineage-content-admission-runtime-age,none,aggregation-v1-probability-space,smoke,attacked,server-client,global-student,local-teacher,small_cnn,"small_cnn,small_cnn,small_cnn,small_cnn",0b46669105d5e60da8966c57c14d8790973af27d3e130435fccb864f185cd066,94986,94986,mps,mps,4,dirichlet,serialized-proxy-logits,mean-soft-probabilities,1,vcaa,0,none,badnets,872667c04f7263a04d536de88cb2ac7b082c401a76843dc7b10981482d5938a2,0,0.2,0.2,15,0,0,0,0,0.0,0,9000,,,,,,,,,,,0.0405,1.391263240814209,0.0606277089973446,0.04418545900261961,0.0005317079921951517,7.079943316057324e-07,0.058082832998479716,1.7219877079915022,14.785896997986129,4,4,4,20480,20480,4,1,4,4,0,1.0,0.28222129624954084,0.7319773536419201,1.0,1.0,0.9704030484174396,0.4230497663957067,0.111328125,2.2909364700317383,0.012802619545254856,2,0,,,,,,,,,,,,,,0,0,,,,,,,,,,,,,,,,,,0,0,0,0.9704030484174396,0.5106792483362752,0.7319773536419201,,,,,,,,,,,0,1,1.0,sync-8-734731c2fd7557c1,committed,nonfinite_model,734731c2fd7557c1ae6cd6de65f19d18008aecf04032eb76d3d1d85e4c84e237,4,,,,,,,,,,,,,,,,,,,,,,,,,78f0f4d87d3adf5403874ca1004284121563c9d7,True,5ebfab65683db6c5ca7d56040029e396c41f63435008febcd8af310140f3b77f,504b855ad7153485c5929f9b13828817605e261c47c8e729481154bffd62c1a0,4,3.9460710158858427,0.11690381156968839,0.0468390595108442,0.0,0.4165954515337944,0.10755153246472994,True,historical_median_minus_mad_floor,4,4,0,0.5,2.0,runtime-calibrated,admission_gate,True
3ef75fdf27cb,cifar10,0,9,sync,vcaa,fedagg-results-v3,vcaa-v5-lineage-content-admission-runtime-age,none,aggregation-v1-probability-space,smoke,attacked,server-client,global-student,local-teacher,small_cnn,"small_cnn,small_cnn,small_cnn,small_cnn",0b46669105d5e60da8966c57c14d8790973af27d3e130435fccb864f185cd066,94986,94986,mps,mps,4,dirichlet,serialized-proxy-logits,mean-soft-probabilities,1,vcaa,0,none,badnets,872667c04f7263a04d536de88cb2ac7b082c401a76843dc7b10981482d5938a2,0,0.2,0.2,15,0,0,0,0,0.0,0,9000,,,,,,,,,,,0.0397,1.4933071632385253,0.06185974999971222,0.041410958001506515,0.000539165994268842,7.500057108700275e-07,0.05794899999455083,1.7066018330078805,16.49249883099401,4,4,4,20480,20480,4,1,4,4,0,1.0,0.28222129624954084,0.7295485003988046,1.0,1.0,0.9706201916355865,0.43088738014921546,0.10546875,2.29192715883255,0.012157891411334276,2,0,,,,,,,,,,,,,,0,0,,,,,,,,,,,,,,,,,,0,0,0,0.9706201916355865,0.5049173254625561,0.7295485003988046,,,,,,,,,,,0,1,1.0,sync-9-734731c2fd7557c1,committed,nonfinite_model,734731c2fd7557c1ae6cd6de65f19d18008aecf04032eb76d3d1d85e4c84e237,4,,,,,,,,,,,,,,,,,,,,,,,,,78f0f4d87d3adf5403874ca1004284121563c9d7,True,5ebfab65683db6c5ca7d56040029e396c41f63435008febcd8af310140f3b77f,504b855ad7153485c5929f9b13828817605e261c47c8e729481154bffd62c1a0,4,3.9420572591774246,0.12123780171351341,0.0457268453165727,0.0,0.42805129289627075,0.1000765788957354,True,historical_median_minus_mad_floor,4,4,0,0.5,2.0,runtime-calibrated,admission_gate,True
3ef75fdf27cb,cifar10,0,10,sync,vcaa,fedagg-results-v3,vcaa-v5-lineage-content-admission-runtime-age,none,aggregation-v1-probability-space,smoke,attacked,server-client,global-student,local-teacher,small_cnn,"small_cnn,small_cnn,small_cnn,small_cnn",0b46669105d5e60da8966c57c14d8790973af27d3e130435fccb864f185cd066,94986,94986,mps,mps,4,dirichlet,serialized-proxy-logits,mean-soft-probabilities,1,vcaa,0,none,badnets,872667c04f7263a04d536de88cb2ac7b082c401a76843dc7b10981482d5938a2,0,0.2,0.2,15,0,0,0,0,0.0,0,9000,,,,,,,,,,,0.0135,1.1058844917297364,0.06316645799961407,0.03817304200492799,0.0005447089934023097,6.67001586407423e-07,0.0560651669948129,1.71726691701042,18.20976574800443,4,4,4,20480,20480,4,1,4,4,0,1.0,0.28222129624954084,0.7308713229732408,1.0,1.0,0.9709599510768506,0.42597253335407004,0.115234375,2.291872978210449,0.012054336373694241,2,0,,,,,,,,,,,,,,0,0,,,,,,,,,,,,,,,,,,0,0,0,0.9709599510768506,0.5074047617055013,0.7308713229732408,,,,,,,,,,,0,1,1.0,sync-10-734731c2fd7557c1,committed,nonfinite_model,734731c2fd7557c1ae6cd6de65f19d18008aecf04032eb76d3d1d85e4c84e237,4,,,,,,,,,,,,,,,,,,,,,,,,,78f0f4d87d3adf5403874ca1004284121563c9d7,True,5ebfab65683db6c5ca7d56040029e396c41f63435008febcd8af310140f3b77f,504b855ad7153485c5929f9b13828817605e261c47c8e729481154bffd62c1a0,4,3.9471642063042824,0.11569684628615524,0.04718525278131622,0.0,0.42148498445749283,0.10973162606689085,True,historical_median_minus_mad_floor,4,4,0,0.5,2.0,runtime-calibrated,admission_gate,True
3ef75fdf27cb,cifar10,0,11,sync,vcaa,fedagg-results-v3,vcaa-v5-lineage-content-admission-runtime-age,none,aggregation-v1-probability-space,smoke,attacked,server-client,global-student,local-teacher,small_cnn,"small_cnn,small_cnn,small_cnn,small_cnn",0b46669105d5e60da8966c57c14d8790973af27d3e130435fccb864f185cd066,94986,94986,mps,mps,4,dirichlet,serialized-proxy-logits,mean-soft-probabilities,1,vcaa,0,none,badnets,872667c04f7263a04d536de88cb2ac7b082c401a76843dc7b10981482d5938a2,0,0.2,0.2,15,0,0,0,0,0.0,0,9000,,,,,,,,,,,0.016,1.0751176473617554,0.06175604100280907,0.042662583000492305,0.0005530420021386817,7.080088835209608e-07,0.055677374999504536,1.723188999996637,19.932954748001066,4,4,4,20480,20480,4,1,4,4,0,1.0,0.28222129624954084,0.7298089777481923,1.0,1.0,0.9701777146716429,0.4249335724161938,0.11328125,2.292069733142853,0.011911400768440217,2,0,,,,,,,,,,,,,,0,0,,,,,,,,,,,,,,,,,,0,0,0,0.9701777146716429,0.5064313215973498,0.7298089777481923,,,,,,,,,,,0,1,1.0,sync-11-734731c2fd7557c1,committed,nonfinite_model,734731c2fd7557c1ae6cd6de65f19d18008aecf04032eb76d3d1d85e4c84e237,4,,,,,,,,,,,,,,,,,,,,,,,,,78f0f4d87d3adf5403874ca1004284121563c9d7,True,5ebfab65683db6c5ca7d56040029e396c41f63435008febcd8af310140f3b77f,504b855ad7153485c5929f9b13828817605e261c47c8e729481154bffd62c1a0,4,3.948435667019875,0.11427787838980083,0.04679280189360377,0.0,0.42107995226979256,0.1095243405256065,True,historical_median_minus_mad_floor,4,4,0,0.5,2.0,runtime-calibrated,admission_gate,True
3ef75fdf27cb,cifar10,0,12,sync,vcaa,fedagg-results-v3,vcaa-v5-lineage-content-admission-runtime-age,none,aggregation-v1-probability-space,smoke,attacked,server-client,global-student,local-teacher,small_cnn,"small_cnn,small_cnn,small_cnn,small_cnn",0b46669105d5e60da8966c57c14d8790973af27d3e130435fccb864f185cd066,94986,94986,mps,mps,4,dirichlet,serialized-proxy-logits,mean-soft-probabilities,1,vcaa,0,none,badnets,872667c04f7263a04d536de88cb2ac7b082c401a76843dc7b10981482d5938a2,0,0.2,0.2,15,0,0,0,0,0.0,0,9000,,,,,,,,,,,0.0194,0.9183716690063477,0.06093595898710191,0.03859974999795668,0.0005529999907594174,7.090129656717181e-07,0.05654108300223015,1.7171263750060461,21.650081123007112,4,4,4,20480,20480,4,1,4,4,0,1.0,0.28222129624954084,0.7316798110611619,1.0,1.0,0.9702327096832348,0.42483792011626065,0.11328125,2.292493224143982,0.01149521121988073,2,0,,,,,,,,,,,,,,0,0,,,,,,,,,,,,,,,,,,0,0,0,0.9702327096832348,0.5102331767338028,0.7316798110611619,,,,,,,,,,,0,1,1.0,sync-12-734731c2fd7557c1,committed,nonfinite_model,734731c2fd7557c1ae6cd6de65f19d18008aecf04032eb76d3d1d85e4c84e237,4,,,,,,,,,,,,,,,,,,,,,,,,,78f0f4d87d3adf5403874ca1004284121563c9d7,True,5ebfab65683db6c5ca7d56040029e396c41f63435008febcd8af310140f3b77f,504b855ad7153485c5929f9b13828817605e261c47c8e729481154bffd62c1a0,4,3.9465742962818067,0.116349624005407,0.047200319643078165,0.0,0.41869106888771057,0.10789577245473567,True,historical_median_minus_mad_floor,4,4,0,0.5,2.0,runtime-calibrated,admission_gate,True
3ef75fdf27cb,cifar10,0,13,sync,vcaa,fedagg-results-v3,vcaa-v5-lineage-content-admission-runtime-age,none,aggregation-v1-probability-space,smoke,attacked,server-client,global-student,local-teacher,small_cnn,"small_cnn,small_cnn,small_cnn,small_cnn",0b46669105d5e60da8966c57c14d8790973af27d3e130435fccb864f185cd066,94986,94986,mps,mps,4,dirichlet,serialized-proxy-logits,mean-soft-probabilities,1,vcaa,0,none,badnets,872667c04f7263a04d536de88cb2ac7b082c401a76843dc7b10981482d5938a2,0,0.2,0.2,15,0,0,0,0,0.0,0,9000,,,,,,,,,,,0.0171,0.906245726776123,0.06078083399916068,0.036229208009899594,0.0005489579925779253,6.659975042566657e-07,0.05601895900326781,1.720308666001074,23.370389789008186,4,4,4,20480,20480,4,1,4,4,0,1.0,0.28222129624954084,0.7316372479536224,1.0,1.0,0.9709514112537279,0.42391566379228607,0.11328125,2.2908095717430115,0.012958324805367738,2,0,,,,,,,,,,,,,,0,0,,,,,,,,,,,,,,,,,,0,0,0,0.9709514112537279,0.5090011597247758,0.7316372479536224,,,,,,,,,,,0,1,1.0,sync-13-734731c2fd7557c1,committed,nonfinite_model,734731c2fd7557c1ae6cd6de65f19d18008aecf04032eb76d3d1d85e4c84e237,4,,,,,,,,,,,,,,,,,,,,,,,,,78f0f4d87d3adf5403874ca1004284121563c9d7,True,5ebfab65683db6c5ca7d56040029e396c41f63435008febcd8af310140f3b77f,504b855ad7153485c5929f9b13828817605e261c47c8e729481154bffd62c1a0,4,3.94617633510761,0.11678804513217916,0.04739999371359502,0.0,0.41844452917575836,0.10907719057018342,True,historical_median_minus_mad_floor,4,4,0,0.5,2.0,runtime-calibrated,admission_gate,True
3ef75fdf27cb,cifar10,0,14,sync,vcaa,fedagg-results-v3,vcaa-v5-lineage-content-admission-runtime-age,none,aggregation-v1-probability-space,smoke,attacked,server-client,global-student,local-teacher,small_cnn,"small_cnn,small_cnn,small_cnn,small_cnn",0b46669105d5e60da8966c57c14d8790973af27d3e130435fccb864f185cd066,94986,94986,mps,mps,4,dirichlet,serialized-proxy-logits,mean-soft-probabilities,1,vcaa,0,none,badnets,872667c04f7263a04d536de88cb2ac7b082c401a76843dc7b10981482d5938a2,0,0.2,0.2,15,0,0,0,0,0.0,0,9000,,,,,,,,,,,0.0362,1.3580016872406007,0.0630903339915676,0.04648112499853596,0.0005315839953254908,8.749921107664704e-07,0.05849066699738614,1.7365696250053588,25.106959414013545,4,4,4,20480,20480,4,1,4,4,0,1.0,0.28222129624954084,0.730532761553032,1.0,1.0,0.9696343580616702,0.4241614725033287,0.11328125,2.2909591794013977,0.012765874562319368,2,0,,,,,,,,,,,,,,0,0,,,,,,,,,,,,,,,,,,0,0,0,0.9696343580616702,0.5088651709957663,0.730532761553032,,,,,,,,,,,0,1,1.0,sync-14-734731c2fd7557c1,committed,nonfinite_model,734731c2fd7557c1ae6cd6de65f19d18008aecf04032eb76d3d1d85e4c84e237,4,,,,,,,,,,,,,,,,,,,,,,,,,78f0f4d87d3adf5403874ca1004284121563c9d7,True,5ebfab65683db6c5ca7d56040029e396c41f63435008febcd8af310140f3b77f,504b855ad7153485c5929f9b13828817605e261c47c8e729481154bffd62c1a0,4,3.9466924670994192,0.1162191375957651,0.046985549273078325,0.0,0.41877951472997665,0.10895931196960676,True,historical_median_minus_mad_floor,4,4,0,0.5,2.0,runtime-calibrated,admission_gate,True
3ef75fdf27cb,cifar10,0,15,sync,vcaa,fedagg-results-v3,vcaa-v5-lineage-content-admission-runtime-age,none,aggregation-v1-probability-space,smoke,attacked,server-client,global-student,local-teacher,small_cnn,"small_cnn,small_cnn,small_cnn,small_cnn",0b46669105d5e60da8966c57c14d8790973af27d3e130435fccb864f185cd066,94986,94986,mps,mps,4,dirichlet,serialized-proxy-logits,mean-soft-probabilities,1,vcaa,0,none,badnets,872667c04f7263a04d536de88cb2ac7b082c401a76843dc7b10981482d5938a2,0,0.2,0.2,15,1,14,71,0,0.0,0,9000,,,,,,,,,,,0.023,1.164600301551819,0.09423262499331031,0.035441665997495875,0.000552875004359521,5.829933797940612e-07,0.05555020800966304,1.7314817500009667,26.83844116401451,4,4,4,20480,20480,4,1,4,4,0,1.0,0.28222129624954084,0.7233257737953531,1.0,1.0,0.9707036301314426,0.43454190506599844,0.12109375,2.2906050086021423,0.01314304897096008,2,0,,,,,,,,,,,,,,0,0,,,,,,,,,,,,,,,,,,0,0,0,0.9707036301314426,0.4918850423939607,0.7233257737953531,,,,,,,,,,,0,0,0.0,sync-15-734731c2fd7557c1,committed,,734731c2fd7557c1ae6cd6de65f19d18008aecf04032eb76d3d1d85e4c84e237,4,,,,,,,,,,,,,,,,,,,,,,,,,78f0f4d87d3adf5403874ca1004284121563c9d7,True,5ebfab65683db6c5ca7d56040029e396c41f63435008febcd8af310140f3b77f,504b855ad7153485c5929f9b13828817605e261c47c8e729481154bffd62c1a0,4,3.9386927822673443,0.12476125938502133,0.048482793421360165,0.0,0.4393514357507229,0.10170215809818994,True,historical_median_minus_mad_floor,4,4,0,0.5,2.0,runtime-calibrated,admission_gate,True
3ef75fdf27cb,cifar10,0,16,sync,vcaa,fedagg-results-v3,vcaa-v5-lineage-content-admission-runtime-age,none,aggregation-v1-probability-space,smoke,attacked,server-client,global-student,local-teacher,small_cnn,"small_cnn,small_cnn,small_cnn,small_cnn",0b46669105d5e60da8966c57c14d8790973af27d3e130435fccb864f185cd066,94986,94986,mps,mps,4,dirichlet,serialized-proxy-logits,mean-soft-probabilities,1,vcaa,0,none,badnets,872667c04f7263a04d536de88cb2ac7b082c401a76843dc7b10981482d5938a2,0,0.2,0.2,15,1,17,81,0,0.0,0,9000,,,,,,,,,,,0.0241,1.228634199142456,0.07841045799432322,0.036860624997643754,0.000538249994860962,5.409965524449944e-07,0.056946832992252894,1.7102254579949658,28.548666622009478,4,4,4,20480,20480,4,1,4,4,0,1.0,0.2750433548407629,0.7217855791676256,1.0,1.0,0.969671071910123,0.4295349130552495,0.119140625,2.2678087949752808,0.03370378725230694,3,0,,,,,,,,,,,,,,0,0,,,,,,,,,,,,,,,,,,0,0,0,0.969671071910123,0.49002681852921104,0.7217855791676256,,,,,,,,,,,0,0,0.0,sync-16-b40f51f073edcae4,committed,,b40f51f073edcae4675b5d49d9f79a2219d5d374ff2fe794bc8ac488a3b7ca4f,4,,,,,,,,,,,,,,,,,,,,,,,,,78f0f4d87d3adf5403874ca1004284121563c9d7,True,5ebfab65683db6c5ca7d56040029e396c41f63435008febcd8af310140f3b77f,504b855ad7153485c5929f9b13828817605e261c47c8e729481154bffd62c1a0,4,3.937032321789106,0.1264661652340017,0.05543759751103175,0.0,0.43540024012327194,0.10281562094092368,True,historical_median_minus_mad_floor,8,4,0,0.5,2.0,runtime-calibrated,admission_gate,True
3ef75fdf27cb,cifar10,0,17,sync,vcaa,fedagg-results-v3,vcaa-v5-lineage-content-admission-runtime-age,none,aggregation-v1-probability-space,smoke,attacked,server-client,global-student,local-teacher,small_cnn,"small_cnn,small_cnn,small_cnn,small_cnn",0b46669105d5e60da8966c57c14d8790973af27d3e130435fccb864f185cd066,94986,94986,mps,mps,4,dirichlet,serialized-proxy-logits,mean-soft-probabilities,1,vcaa,0,none,badnets,872667c04f7263a04d536de88cb2ac7b082c401a76843dc7b10981482d5938a2,0,0.2,0.2,15,1,18,91,0,0.0,0,9000,,,,,,,,,,,0.0269,1.139518058013916,0.07781895900552627,0.0376849169988418,0.0005567909975070506,6.249902071431279e-07,0.05791250000766013,1.727365375001682,30.27603199701116,4,4,4,20480,20480,4,1,4,4,0,1.0,0.28106272215563805,0.725694212492437,1.0,1.0,0.9689777630286411,0.43523981900216313,0.13671875,2.2287450432777405,0.06566578429192305,4,0,,,,,,,,,,,,,,0,0,,,,,,,,,,,,,,,,,,0,0,0,0.9689777630286411,0.49973920482226614,0.725694212492437,,,,,,,,,,,0,0,0.0,sync-17-0b60111713533360,committed,,0b60111713533360708bd93ba120ab5d0c9538c6c6bf32980b98bb38f83b9feb,4,,,,,,,,,,,,,,,,,,,,,,,,,78f0f4d87d3adf5403874ca1004284121563c9d7,True,5ebfab65683db6c5ca7d56040029e396c41f63435008febcd8af310140f3b77f,504b855ad7153485c5929f9b13828817605e261c47c8e729481154bffd62c1a0,4,3.9353519916014235,0.128169822676053,0.05099510459456563,0.0,0.4354085884988308,0.10700315590314566,True,historical_median_minus_mad_floor,12,4,0,0.5,2.0,runtime-calibrated,admission_gate,True
3ef75fdf27cb,cifar10,0,18,sync,vcaa,fedagg-results-v3,vcaa-v5-lineage-content-admission-runtime-age,none,aggregation-v1-probability-space,smoke,attacked,server-client,global-student,local-teacher,small_cnn,"small_cnn,small_cnn,small_cnn,small_cnn",0b46669105d5e60da8966c57c14d8790973af27d3e130435fccb864f185cd066,94986,94986,mps,mps,4,dirichlet,serialized-proxy-logits,mean-soft-probabilities,1,vcaa,0,none,badnets,872667c04f7263a04d536de88cb2ac7b082c401a76843dc7b10981482d5938a2,0,0.2,0.2,15,1,17,84,0,0.0,0,9000,,,,,,,,,,,0.0266,1.2432853805541992,0.07725504199333955,0.036495916996500455,0.0005497079982887954,6.659975042566657e-07,0.05737029200827237,1.7231097089970717,31.99914170600823,4,4,4,20480,20480,4,1,4,4,0,1.0,0.28092516208607704,0.7300366936698564,1.0,1.0,0.9691918709131198,0.4142395054534518,0.1015625,2.1755780577659607,0.10766431363299489,5,0,,,,,,,,,,,,,,0,0,,,,,,,,,,,,,,,,,,0,0,0,0.9691918709131198,0.5078399025971453,0.7300366936698564,,,,,,,,,,,0,0,0.0,sync-18-b4a687b8334c4655,committed,,b4a687b8334c4655046b3e45ba77721a173d2d55cb5e7b4c489cf52ece57d5b1,4,,,,,,,,,,,,,,,,,,,,,,,,,78f0f4d87d3adf5403874ca1004284121563c9d7,True,5ebfab65683db6c5ca7d56040029e396c41f63435008febcd8af310140f3b77f,504b855ad7153485c5929f9b13828817605e261c47c8e729481154bffd62c1a0,4,3.9414259058595222,0.12190628791362684,0.05407119462895009,0.0,0.40942975878715515,0.10909677796491624,True,historical_median_minus_mad_floor,16,4,0,0.5,2.0,runtime-calibrated,admission_gate,True
3ef75fdf27cb,cifar10,0,19,sync,vcaa,fedagg-results-v3,vcaa-v5-lineage-content-admission-runtime-age,none,aggregation-v1-probability-space,smoke,attacked,server-client,global-student,local-teacher,small_cnn,"small_cnn,small_cnn,small_cnn,small_cnn",0b46669105d5e60da8966c57c14d8790973af27d3e130435fccb864f185cd066,94986,94986,mps,mps,4,dirichlet,serialized-proxy-logits,mean-soft-probabilities,1,vcaa,0,none,badnets,872667c04f7263a04d536de88cb2ac7b082c401a76843dc7b10981482d5938a2,0,0.2,0.2,15,1,17,85,0,0.0,0,9000,,,,,,,,,,,0.0264,1.03500931224823,0.07664008300343994,0.03717125000548549,0.0005478749953908846,7.500057108700275e-07,0.05671424999309238,1.7337750000006054,33.73291670600884,4,4,4,20480,20480,4,1,4,4,0,1.0,0.27709400144387036,0.7319641288947243,1.0,1.0,0.9672128087732114,0.40884724921612303,0.103515625,2.1195209622383118,0.1529758106917143,5,0,,,,,,,,,,,,,,0,0,,,,,,,,,,,,,,,,,,0,0,0,0.9672128087732114,0.514961936550602,0.7319641288947243,,,,,,,,,,,0,0,0.0,sync-19-9aa87d18432f8e19,committed,,9aa87d18432f8e193a08185be8b0006a248eeaaea31879bf3b4708406d918a44,4,,,,,,,,,,,,,,,,,,,,,,,,,78f0f4d87d3adf5403874ca1004284121563c9d7,True,5ebfab65683db6c5ca7d56040029e396c41f63435008febcd8af310140f3b77f,504b855ad7153485c5929f9b13828817605e261c47c8e729481154bffd62c1a0,4,3.9396422964769,0.1237764315796481,0.05616652428889715,0.0,0.3996461369097233,0.10831248597908628,True,historical_median_minus_mad_floor,20,4,0,0.5,2.0,runtime-calibrated,admission_gate,True
3ef75fdf27cb,cifar10,0,20,sync,vcaa,fedagg-results-v3,vcaa-v5-lineage-content-admission-runtime-age,none,aggregation-v1-probability-space,smoke,attacked,server-client,global-student,local-teacher,small_cnn,"small_cnn,small_cnn,small_cnn,small_cnn",0b46669105d5e60da8966c57c14d8790973af27d3e130435fccb864f185cd066,94986,94986,mps,mps,4,dirichlet,serialized-proxy-logits,mean-soft-probabilities,1,vcaa,0,none,badnets,872667c04f7263a04d536de88cb2ac7b082c401a76843dc7b10981482d5938a2,0,0.2,0.2,15,1,15,73,0,0.0,0,9000,,,,,,,,,,,0.0257,1.1773211055755615,0.07827700000780169,0.03600074999849312,0.0005612919921986759,6.67001586407423e-07,0.056465708010364324,1.7347347919858294,35.467651497994666,4,3,3,20480,20480,4,1,3,3,1,0.75,0.298314666620642,0.5812542841133459,1.0,1.0,0.9694034370947959,0.4061976388125004,0.1015625,2.0505768954753876,0.20922683831304312,5,0,,,,,,,,,,,,,,0,0,,,,,,,,,,,,,,,,,,0,0,0,0.9694034370947959,0.5176530915000408,0.5812542841133459,,,,,,,,,,,0,0,0.0,sync-20-75b3b51fc6a68707,committed,,75b3b51fc6a687075a68c4f45fc8d371d5c7956fb5f8925a4a4b17939f14e3f6,4,,,,,,,,,,,,,,,,,,,,,,,,,78f0f4d87d3adf5403874ca1004284121563c9d7,True,5ebfab65683db6c5ca7d56040029e396c41f63435008febcd8af310140f3b77f,504b855ad7153485c5929f9b13828817605e261c47c8e729481154bffd62c1a0,4,2.975125596197556,0.09143736198078431,0.03777711132369424,0.0,0.395342405885458,0.10672157821005593,True,historical_median_minus_mad_floor,20,3,1,0.5,2.0,runtime-calibrated,admission_gate,True
3ef75fdf27cb,cifar10,0,21,sync,vcaa,fedagg-results-v3,vcaa-v5-lineage-content-admission-runtime-age,none,aggregation-v1-probability-space,smoke,attacked,server-client,global-student,local-teacher,small_cnn,"small_cnn,small_cnn,small_cnn,small_cnn",0b46669105d5e60da8966c57c14d8790973af27d3e130435fccb864f185cd066,94986,94986,mps,mps,4,dirichlet,serialized-proxy-logits,mean-soft-probabilities,1,vcaa,0,none,badnets,872667c04f7263a04d536de88cb2ac7b082c401a76843dc7b10981482d5938a2,0,0.2,0.2,15,1,19,97,0,0.0,0,9000,,,,,,,,,,,0.0209,1.0793367031097412,0.08583487500436604,0.03588383299938869,0.0005690830003004521,8.33999365568161e-07,0.058308917010435835,1.736351667001145,37.20400316499581,4,3,3,20480,20480,4,1,3,3,1,0.75,0.33278152509629727,0.5809778840154923,1.0,1.0,0.9705813719298788,0.41017121014010627,0.1015625,1.9921517372131348,0.25747937336564064,5,0,,,,,,,,,,,,,,0,0,,,,,,,,,,,,,,,,,,0,0,0,0.9705813719298788,0.5132135698538567,0.5809778840154923,,,,,,,,,,,0,0,0.0,sync-21-923369c752df786c,committed,,923369c752df786c1d0d934e2d9103f52e17dc0a18f17699a94edc3d1b97aa20,4,,,,,,,,,,,,,,,,,,,,,,,,,78f0f4d87d3adf5403874ca1004284121563c9d7,True,5ebfab65683db6c5ca7d56040029e396c41f63435008febcd8af310140f3b77f,504b855ad7153485c5929f9b13828817605e261c47c8e729481154bffd62c1a0,4,2.978069428107568,0.08581388607367281,0.03605485524916663,0.0,0.40212778002023697,0.10559784553106345,True,historical_median_minus_mad_floor,19,3,1,0.5,2.0,runtime-calibrated,admission_gate,True
3ef75fdf27cb,cifar10,0,22,sync,vcaa,fedagg-results-v3,vcaa-v5-lineage-content-admission-runtime-age,none,aggregation-v1-probability-space,smoke,attacked,server-client,global-student,local-teacher,small_cnn,"small_cnn,small_cnn,small_cnn,small_cnn",0b46669105d5e60da8966c57c14d8790973af27d3e130435fccb864f185cd066,94986,94986,mps,mps,4,dirichlet,serialized-proxy-logits,mean-soft-probabilities,1,vcaa,0,none,badnets,872667c04f7263a04d536de88cb2ac7b082c401a76843dc7b10981482d5938a2,0,0.2,0.2,15,1,18,90,0,0.0,0,9000,,,,,,,,,,,0.0225,1.0522042053222656,0.07472366699948907,0.035271250002551824,0.0005464999994728714,7.089984137564898e-07,0.05784054100513458,1.7262388750095852,38.930242040005396,4,3,3,20480,20480,4,1,3,3,1,0.75,0.3362162877969444,0.5833372138068247,1.0,1.0,0.9707707377169481,0.4070541770197451,0.099609375,1.9298354387283325,0.30828843265771866,5,0,,,,,,,,,,,,,,0,0,,,,,,,,,,,,,,,,,,0,0,0,0.9707707377169481,0.5219449809528559,0.5833372138068247,,,,,,,,,,,0,0,0.0,sync-22-63fe99e1791d3390,committed,,63fe99e1791d339063c43cccc4db68be5ff4151819279cf7e51358f01a375ada,4,,,,,,,,,,,,,,,,,,,,,,,,,78f0f4d87d3adf5403874ca1004284121563c9d7,True,5ebfab65683db6c5ca7d56040029e396c41f63435008febcd8af310140f3b77f,504b855ad7153485c5929f9b13828817605e261c47c8e729481154bffd62c1a0,4,2.974336905259481,0.09288796185621473,0.038459680425504184,0.0,0.39395077154040337,0.1025714031234127,True,historical_median_minus_mad_floor,18,3,1,0.5,2.0,runtime-calibrated,admission_gate,True
3ef75fdf27cb,cifar10,0,23,sync,vcaa,fedagg-results-v3,vcaa-v5-lineage-content-admission-runtime-age,none,aggregation-v1-probability-space,smoke,attacked,server-client,global-student,local-teacher,small_cnn,"small_cnn,small_cnn,small_cnn,small_cnn",0b46669105d5e60da8966c57c14d8790973af27d3e130435fccb864f185cd066,94986,94986,mps,mps,4,dirichlet,serialized-proxy-logits,mean-soft-probabilities,1,vcaa,0,none,badnets,872667c04f7263a04d536de88cb2ac7b082c401a76843dc7b10981482d5938a2,0,0.2,0.2,15,1,17,83,0,0.0,0,9000,,,,,,,,,,,0.0283,1.0892532070159913,0.07545983299496584,0.03688758300268091,0.0005414580082288012,7.089984137564898e-07,0.05742704099975526,1.7130059170012828,40.64324795700668,4,3,3,20480,20480,4,1,3,3,1,0.75,0.336246534986794,0.5812597404399189,1.0,1.0,0.969270259296872,0.4180202253628522,0.1015625,1.8593880236148834,0.36748412624001503,5,0,,,,,,,,,,,,,,0,0,,,,,,,,,,,,,,,,,,0,0,0,0.969270259296872,0.5111269411628903,0.5812597404399189,,,,,,,,,,,0,0,0.0,sync-23-bdd7d7fe90f9dacf,committed,,bdd7d7fe90f9dacf25218e0d8527f0dbae86bf88a8dd520c8553bf067b82ab06,4,,,,,,,,,,,,,,,,,,,,,,,,,78f0f4d87d3adf5403874ca1004284121563c9d7,True,5ebfab65683db6c5ca7d56040029e396c41f63435008febcd8af310140f3b77f,504b855ad7153485c5929f9b13828817605e261c47c8e729481154bffd62c1a0,4,2.9791237228100615,0.08371094746561351,0.03706540689658447,0.0,0.4116818234324455,0.09406996757830494,True,historical_median_minus_mad_floor,17,3,1,0.5,2.0,runtime-calibrated,admission_gate,True
3ef75fdf27cb,cifar10,0,24,sync,vcaa,fedagg-results-v3,vcaa-v5-lineage-content-admission-runtime-age,none,aggregation-v1-probability-space,smoke,attacked,server-client,global-student,local-teacher,small_cnn,"small_cnn,small_cnn,small_cnn,small_cnn",0b46669105d5e60da8966c57c14d8790973af27d3e130435fccb864f185cd066,94986,94986,mps,mps,4,dirichlet,serialized-proxy-logits,mean-soft-probabilities,1,vcaa,0,none,badnets,872667c04f7263a04d536de88cb2ac7b082c401a76843dc7b10981482d5938a2,0,0.2,0.2,15,1,17,84,0,0.0,0,9000,,,,,,,,,,,0.024,1.028889591217041,0.07181445798778441,0.0343519999878481,0.0005583750025834888,6.249902071431279e-07,0.05673745900276117,1.6966326660040068,42.339880623010686,4,3,3,20480,20480,4,1,3,3,1,0.75,0.3382579611286521,0.5841385506514915,1.0,1.0,0.9714882241718807,0.4235695358365774,0.1015625,1.8264000713825226,0.3944345898926258,5,0,,,,,,,,,,,,,,0,0,,,,,,,,,,,,,,,,,,0,0,0,0.9714882241718807,0.5103228468794165,0.5841385506514915,,,,,,,,,,,0,0,0.0,sync-24-8b668a6d5a6c4b1c,committed,,8b668a6d5a6c4b1c049e786bf7954f65e7b1e9f8f708941446299aa18ce094aa,4,,,,,,,,,,,,,,,,,,,,,,,,,78f0f4d87d3adf5403874ca1004284121563c9d7,True,5ebfab65683db6c5ca7d56040029e396c41f63435008febcd8af310140f3b77f,504b855ad7153485c5929f9b13828817605e261c47c8e729481154bffd62c1a0,4,2.978143085137624,0.08566859620912452,0.039261504908584016,0.0,0.417975477874279,0.08532462972365319,True,historical_median_minus_mad_floor,16,3,1,0.5,2.0,runtime-calibrated,admission_gate,True
3ef75fdf27cb,cifar10,0,25,sync,vcaa,fedagg-results-v3,vcaa-v5-lineage-content-admission-runtime-age,none,aggregation-v1-probability-space,smoke,attacked,server-client,global-student,local-teacher,small_cnn,"small_cnn,small_cnn,small_cnn,small_cnn",0b46669105d5e60da8966c57c14d8790973af27d3e130435fccb864f185cd066,94986,94986,mps,mps,4,dirichlet,serialized-proxy-logits,mean-soft-probabilities,1,vcaa,0,none,badnets,872667c04f7263a04d536de88cb2ac7b082c401a76843dc7b10981482d5938a2,0,0.2,0.2,15,1,17,83,0,0.00011111111111111112,1,9000,,,,,,,,,,,0.0227,1.108691181564331,0.07041800000297371,0.033699624997098,0.0005552079965127632,1.0829971870407462e-06,0.0563719579949975,1.7048810420092195,44.044761665019905,4,3,3,20480,20480,4,1,3,3,1,0.75,0.3545683685064316,0.5890961562110462,1.0,1.0,0.9714012944294377,0.413502364535816,0.1015625,1.7791752219200134,0.4332846440374851,5,0,,,,,,,,,,,,,,0,0,,,,,,,,,,,,,,,,,,0,0,0,0.9714012944294377,0.5154948942986892,0.5890961562110462,,,,,,,,,,,0,0,0.0,sync-25-b43066e3e15178f7,committed,,b43066e3e15178f73f56687f955e624484fe65176d8768ddb9a2dc8afff1ce30,4,,,,,,,,,,,,,,,,,,,,,,,,,78f0f4d87d3adf5403874ca1004284121563c9d7,True,5ebfab65683db6c5ca7d56040029e396c41f63435008febcd8af310140f3b77f,504b855ad7153485c5929f9b13828817605e261c47c8e729481154bffd62c1a0,4,2.9681803623137397,0.10353864363977386,0.04437351757014582,0.0,0.404670387506485,0.0781298523209989,True,historical_median_minus_mad_floor,15,3,1,0.5,2.0,runtime-calibrated,admission_gate,True
3ef75fdf27cb,cifar10,0,26,sync,vcaa,fedagg-results-v3,vcaa-v5-lineage-content-admission-runtime-age,none,aggregation-v1-probability-space,smoke,attacked,server-client,global-student,local-teacher,small_cnn,"small_cnn,small_cnn,small_cnn,small_cnn",0b46669105d5e60da8966c57c14d8790973af27d3e130435fccb864f185cd066,94986,94986,mps,mps,4,dirichlet,serialized-proxy-logits,mean-soft-probabilities,1,vcaa,0,none,badnets,872667c04f7263a04d536de88cb2ac7b082c401a76843dc7b10981482d5938a2,0,0.2,0.2,15,1,19,95,0,0.002,18,9000,,,,,,,,,,,0.0267,1.097627252483368,0.07576333300676197,0.034128750005038455,0.0005450839962577447,5.00003807246685e-07,0.05938654199417215,1.69541008300439,45.740171748024295,4,2,2,20480,20480,4,1,2,2,2,0.5,0.36294737641215324,0.42756498863602777,1.0,1.0,0.9713452980877642,0.4083146336488426,0.1015625,1.758960336446762,0.44491443037986755,5,0,,,,,,,,,,,,,,0,0,,,,,,,,,,,,,,,,,,0,0,0,0.9713452980877642,0.525959418162198,0.42756498863602777,,,,,,,,,,,0,0,0.0,sync-26-84a009da0854907e,committed,,84a009da0854907e0db9cbacfa77e35e3c0df4a1950decde17b059f78a033e25,4,,,,,,,,,,,,,,,,,,,,,,,,,78f0f4d87d3adf5403874ca1004284121563c9d7,True,5ebfab65683db6c5ca7d56040029e396c41f63435008febcd8af310140f3b77f,504b855ad7153485c5929f9b13828817605e261c47c8e729481154bffd62c1a0,4,1.9913843617435776,0.06577580650385366,0.03288790325192684,0.0,0.39329981431365013,0.06765804209858178,True,historical_median_minus_mad_floor,15,2,2,0.5,2.0,runtime-calibrated,admission_gate,True
3ef75fdf27cb,cifar10,0,27,sync,vcaa,fedagg-results-v3,vcaa-v5-lineage-content-admission-runtime-age,none,aggregation-v1-probability-space,smoke,attacked,server-client,global-student,local-teacher,small_cnn,"small_cnn,small_cnn,small_cnn,small_cnn",0b46669105d5e60da8966c57c14d8790973af27d3e130435fccb864f185cd066,94986,94986,mps,mps,4,dirichlet,serialized-proxy-logits,mean-soft-probabilities,1,vcaa,0,none,badnets,872667c04f7263a04d536de88cb2ac7b082c401a76843dc7b10981482d5938a2,0,0.2,0.2,15,1,20,96,0,0.012777777777777779,115,9000,,,,,,,,,,,0.023,0.9839939916610718,0.07212966699444223,0.03665608300070744,0.0005493330099852756,6.250047590583563e-07,0.057625665998784825,1.7163584579975577,47.45653020602185,4,2,2,20480,20480,4,1,2,2,2,0.5,0.37351509305387737,0.4223619860185506,1.0,1.0,0.9705218622035705,0.4104651100933552,0.1015625,1.7227903008460999,0.4727962128818035,5,0,,,,,,,,,,,,,,0,0,,,,,,,,,,,,,,,,,,0,0,0,0.9705218622035705,0.5260942853721553,0.4223619860185506,,,,,,,,,,,0,0,0.0,sync-27-a9346bd0e38bf705,committed,,a9346bd0e38bf7056db57c05889c712de22170e6c0186589dd10ecdc9bdc3ad8,4,,,,,,,,,,,,,,,,,,,,,,,,,78f0f4d87d3adf5403874ca1004284121563c9d7,True,5ebfab65683db6c5ca7d56040029e396c41f63435008febcd8af310140f3b77f,504b855ad7153485c5929f9b13828817605e261c47c8e729481154bffd62c1a0,4,1.9913272187807594,0.06599452091650539,0.032997260458252686,0.0,0.39589904248714447,0.07352051427438855,True,historical_median_minus_mad_floor,14,2,2,0.5,2.0,runtime-calibrated,admission_gate,True
3ef75fdf27cb,cifar10,0,28,sync,vcaa,fedagg-results-v3,vcaa-v5-lineage-content-admission-runtime-age,none,aggregation-v1-probability-space,smoke,attacked,server-client,global-student,local-teacher,small_cnn,"small_cnn,small_cnn,small_cnn,small_cnn",0b46669105d5e60da8966c57c14d8790973af27d3e130435fccb864f185cd066,94986,94986,mps,mps,4,dirichlet,serialized-proxy-logits,mean-soft-probabilities,1,vcaa,0,none,badnets,872667c04f7263a04d536de88cb2ac7b082c401a76843dc7b10981482d5938a2,0,0.2,0.2,15,1,17,85,0,0.03344444444444444,301,9000,,,,,,,,,,,0.0271,0.9208603244781494,0.07620608399156481,0.03494737501023337,0.0005517499957932159,5.829933797940612e-07,0.057186457997886464,1.7053666249994421,49.161896831021295,4,3,3,20480,20480,4,1,3,3,1,0.75,0.3758031249046326,0.5934619762642809,1.0,1.0,0.9707999101769954,0.424175763502717,0.1015625,1.6893798410892487,0.49664799124002457,5,0,,,,,,,,,,,,,,0,0,,,,,,,,,,,,,,,,,,0,0,0,0.9707999101769954,0.5395957745826641,0.5934619762642809,,,,,,,,,,,0,0,0.0,sync-28-5eb6514a51a44315,committed,,5eb6514a51a44315a34b52fa65bbeaea98dc9fe02a8e8ef473566b1839d18228,4,,,,,,,,,,,,,,,,,,,,,,,,,78f0f4d87d3adf5403874ca1004284121563c9d7,True,5ebfab65683db6c5ca7d56040029e396c41f63435008febcd8af310140f3b77f,504b855ad7153485c5929f9b13828817605e261c47c8e729481154bffd62c1a0,4,2.961805183339549,0.11355963041831774,0.049124868549516754,0.0,0.40540195256471634,0.0640346160504967,True,historical_median_minus_mad_floor,13,3,1,0.5,2.0,runtime-calibrated,admission_gate,True
3ef75fdf27cb,cifar10,0,29,sync,vcaa,fedagg-results-v3,vcaa-v5-lineage-content-admission-runtime-age,none,aggregation-v1-probability-space,smoke,attacked,server-client,global-student,local-teacher,small_cnn,"small_cnn,small_cnn,small_cnn,small_cnn",0b46669105d5e60da8966c57c14d8790973af27d3e130435fccb864f185cd066,94986,94986,mps,mps,4,dirichlet,serialized-proxy-logits,mean-soft-probabilities,1,vcaa,0,none,badnets,872667c04f7263a04d536de88cb2ac7b082c401a76843dc7b10981482d5938a2,0,0.2,0.2,15,1,18,91,0,0.07733333333333334,696,9000,,,,,,,,,,,0.0501,1.0793727359771728,0.06922399999166373,0.03495637500600424,0.0005367920093704015,6.669870344921947e-07,0.057355750002898276,1.7162899999966612,50.878186831017956,4,3,3,20480,20480,4,1,3,3,1,0.75,0.3682080946832895,0.5936942614127177,1.0,1.0,0.9703660323313433,0.4340770486742258,0.1015625,1.6666673421859741,0.5148474723100662,5,0,,,,,,,,,,,,,,0,0,,,,,,,,,,,,,,,,,,0,0,0,0.9703660323313433,0.5497597839742975,0.5936942614127177,,,,,,,,,,,0,0,0.0,sync-29-c7ec9ee7e0ad8f12,committed,,c7ec9ee7e0ad8f1211eb93cb9c26b655db6540085e1119d44c6843fedfcbc747,4,,,,,,,,,,,,,,,,,,,,,,,,,78f0f4d87d3adf5403874ca1004284121563c9d7,True,5ebfab65683db6c5ca7d56040029e396c41f63435008febcd8af310140f3b77f,504b855ad7153485c5929f9b13828817605e261c47c8e729481154bffd62c1a0,4,2.9641838272723713,0.10992260733836383,0.04980356188574478,0.0,0.4132806099951267,0.05902477205246687,True,historical_median_minus_mad_floor,13,3,1,0.5,2.0,runtime-calibrated,admission_gate,True
3ef75fdf27cb,cifar10,0,30,sync,vcaa,fedagg-results-v3,vcaa-v5-lineage-content-admission-runtime-age,none,aggregation-v1-probability-space,smoke,attacked,server-client,global-student,local-teacher,small_cnn,"small_cnn,small_cnn,small_cnn,small_cnn",0b46669105d5e60da8966c57c14d8790973af27d3e130435fccb864f185cd066,94986,94986,mps,mps,4,dirichlet,serialized-proxy-logits,mean-soft-probabilities,1,vcaa,0,none,badnets,872667c04f7263a04d536de88cb2ac7b082c401a76843dc7b10981482d5938a2,0,0.2,0.2,15,1,18,91,0,0.1517777777777778,1366,9000,,,,,,,,,,,0.0694,1.0633195903778077,0.07946475000062492,0.03545341599965468,0.0005541249993257225,6.67001586407423e-07,0.057265000010374933,1.7087376669951482,52.586924498013104,4,3,3,20480,20480,4,1,3,3,1,0.75,0.36822593629956246,0.5940962089796347,1.0,1.0,0.9701144974485336,0.43326769955456257,0.1015625,1.6060437560081482,0.5529268607497215,5,0,,,,,,,,,,,,,,0,0,,,,,,,,,,,,,,,,,,0,0,0,0.9701144974485336,0.5558373663647243,0.5940962089796347,,,,,,,,,,,0,0,0.0,sync-30-d7b0f3be1fd07cf2,committed,,d7b0f3be1fd07cf276022441a0b1a16b21ebf297749e8d7102bb0e484f959ade,4,,,,,,,,,,,,,,,,,,,,,,,,,78f0f4d87d3adf5403874ca1004284121563c9d7,True,5ebfab65683db6c5ca7d56040029e396c41f63435008febcd8af310140f3b77f,504b855ad7153485c5929f9b13828817605e261c47c8e729481154bffd62c1a0,4,2.9620083466281004,0.1132533241629954,0.050333180877670775,0.0,0.4102523624897003,0.05902477205246687,True,historical_median_minus_mad_floor,13,3,1,0.5,2.0,runtime-calibrated,admission_gate,True
