run_uid,dataset,seed,round,topology,num_clients,partition_scheme,admission_method,client_id,admitted,score,version_score,age_seconds,model_round,minimum_accepted_round,proxy_accuracy,mean_entropy,mean_kl,num_classes,accuracy_term,entropy_term,divergence_term,content_score,task_id,packet_id,source_round,consumed_round,version_lag,raw_version_lag,version_lag_score,age_score,knowledge_age_s,vcaa_algorithm_version,vcaa_nonfinite_policy,result_schema_version,vcaa_history_size,base_server_round,generated_at_s,received_at_s,consumed_at_s,proxy_version,hard_valid,hard_rejection_reason,absolute_version_valid,timestamp_valid,age_valid,freshness_score,content_reliability,content_threshold,content_valid,content_gate_active,content_rejection_reason,rejection_reason,content_threshold_source,content_history_observations,aggregation_weight,transport_age_s,queue_age_s,consensus_divergence,entropy_deviation,strategy,attack_type,content_score_center,content_score_scale,content_score_z,normalized_aggregation_weight,effective_weight_ratio_to_uniform,weighting_mode,vcaa_threshold_used_for_weighting,vcaa_final_score_used_for_weighting,effective_age_half_life_s,effective_max_knowledge_age_s,age_scale_mode
3ef75fdf27cb,cifar10,0,1,server-client,4,dirichlet,vcaa,0,True,0.9448255160915771,1.0,0.040940083999885246,1.0,0.0,0.1171875,2.301525831222534,0.0015212994767352939,10.0,0.1171875,0.36638468503952026,0.9999080300331116,0.40016692876815796,,,1.0,,0.0,0.0,1.0,0.9448255160915771,0.040940083999885246,vcaa-v5-lineage-content-admission-runtime-age,fail_closed,fedagg-results-v3,1,0.0,99108.364117291,99108.394794291,99108.405057375,,1.0,,1.0,1.0,1.0,0.9448255160915771,1.0,,1.0,0.0,gate_inactive_warmup_disabled,,warmup_disabled,0.0,0.9448255160915771,0.030677000002469867,0.010263083997415379,9.198197221849114e-05,1.004071471493568,vcaa,badnets,0.42192544788122177,0.10542872791205299,-0.20638131127992393,0.2447152387480163,0.9788609549920652,warmup_uniform,0.0,1.0,0.5,2.0,runtime-calibrated
3ef75fdf27cb,cifar10,0,1,server-client,4,dirichlet,vcaa,1,True,0.9584213265053045,1.0,0.030634041992016137,1.0,0.0,0.1328125,2.301307201385498,0.0017183382296934724,10.0,0.1328125,1.0,0.9998481273651123,0.5663682818412781,,,1.0,,0.0,0.0,1.0,0.9584213265053045,0.030634041992016137,vcaa-v5-lineage-content-admission-runtime-age,fail_closed,fedagg-results-v3,1,0.0,99108.374423333,99108.394813958,99108.405057375,,1.0,,1.0,1.0,1.0,0.9584213265053045,1.0,,1.0,0.0,gate_inactive_warmup_disabled,,warmup_disabled,0.0,0.9584213265053045,0.020390624995343387,0.01024341699667275,0.0001518860226497054,0.0,vcaa,badnets,0.42192544788122177,0.10542872791205299,1.370051947136726,0.24823663178271246,0.9929465271308499,warmup_uniform,0.0,1.0,0.5,2.0,runtime-calibrated
3ef75fdf27cb,cifar10,0,1,server-client,4,dirichlet,vcaa,2,True,0.9719326493575876,1.0,0.020535874995402992,1.0,0.0,0.1015625,2.3025853633880615,0.0015813770005479455,10.0,0.1015625,0.0028227590955793858,0.9999024868011475,0.3014625614741817,,,1.0,,0.0,0.0,1.0,0.9719326493575876,0.020535874995402992,vcaa-v5-lineage-content-admission-runtime-age,fail_closed,fedagg-results-v3,1,0.0,99108.3845215,99108.394827791,99108.405057375,,1.0,,1.0,1.0,1.0,0.9719326493575876,1.0,,1.0,0.0,gate_inactive_warmup_disabled,,warmup_disabled,0.0,0.9719326493575876,0.010306290991138667,0.010229584004264325,9.754091297509149e-05,5.870040522003291,vcaa,badnets,0.42192544788122177,0.10542872791205299,-1.1426002076732666,0.2517361420534295,1.006944568213718,warmup_uniform,0.0,1.0,0.5,2.0,runtime-calibrated
3ef75fdf27cb,cifar10,0,1,server-client,4,dirichlet,vcaa,3,True,0.9857386957537573,1.0,0.010361416992964223,1.0,0.0,0.1328125,2.3011603355407715,0.002341901883482933,10.0,0.1328125,0.5094157457351685,0.9996951222419739,0.4436839669942856,,,1.0,,0.0,0.0,1.0,0.9857386957537573,0.010361416992964223,vcaa-v5-lineage-content-admission-runtime-age,fail_closed,fedagg-results-v3,1,0.0,99108.394695958,99108.39484025,99108.405057375,,1.0,,1.0,1.0,1.0,0.9857386957537573,1.0,,1.0,0.0,gate_inactive_warmup_disabled,,warmup_disabled,0.0,0.9857386957537573,0.00014429198927246034,0.010217125003691763,0.0003049439110327512,0.6744907594765952,vcaa,badnets,0.42192544788122177,0.10542872791205299,0.20638131127992393,0.25531198741584177,1.021247949663367,warmup_uniform,0.0,1.0,0.5,2.0,runtime-calibrated
3ef75fdf27cb,cifar10,0,2,server-client,4,dirichlet,vcaa,0,True,0.7918111016333522,1.0,0.03481791599188,2.0,1.0,0.1171875,2.3014938831329346,0.0015270235016942024,10.0,0.1171875,0.5094157457351685,0.9998627305030823,0.4359133690595627,,,2.0,,0.0,0.0,1.0,0.9528784952169058,0.03481791599188,vcaa-v5-lineage-content-admission-runtime-age,fail_closed,fedagg-results-v3,1,1.0,99110.487315,99110.513594083,99110.522132916,,1.0,,1.0,1.0,1.0,0.9528784952169058,0.6619350853397329,,1.0,0.0,gate_inactive_insufficient_history,,insufficient_history,0.0,0.7918111016333522,0.026279082987457514,0.008538833004422486,0.00013729768397752196,0.6744907594765952,vcaa,badnets,0.3684498690563487,0.1004026373763205,0.671929560479105,0.2626654095602871,1.0506616382411484,robust_relative_sigmoid,0.0,1.0,0.5,2.0,runtime-calibrated
3ef75fdf27cb,cifar10,0,2,server-client,4,dirichlet,vcaa,1,True,0.9086342027467424,1.0,0.025196707996656187,2.0,1.0,0.140625,2.301377296447754,0.0017125881277024746,10.0,0.140625,1.0,0.9998804330825806,0.5702826082706451,,,2.0,,0.0,0.0,1.0,0.9656729586489677,0.025196707996656187,vcaa-v5-lineage-content-admission-runtime-age,fail_closed,fedagg-results-v3,1,1.0,99110.496936208,99110.513611458,99110.522132916,,1.0,,1.0,1.0,1.0,0.9656729586489677,0.8818673436149111,,1.0,0.0,gate_inactive_insufficient_history,,insufficient_history,0.0,0.9086342027467424,0.016675249993568286,0.0085214580030879,0.00011954719229834154,0.0,vcaa,badnets,0.3684498690563487,0.1004026373763205,2.0102334409583724,0.30141882895129274,1.205675315805171,robust_relative_sigmoid,0.0,1.0,0.5,2.0,runtime-calibrated
3ef75fdf27cb,cifar10,0,2,server-client,4,dirichlet,vcaa,2,True,0.6529837670745098,1.0,0.016896832996280864,2.0,1.0,0.1015625,2.2980310916900635,0.007670510560274124,10.0,0.1015625,3.913434465374621e-09,0.9987632632255554,0.30047206678474747,,,2.0,,0.0,0.0,1.0,0.9768482276449835,0.016896832996280864,vcaa-v5-lineage-content-admission-runtime-age,fail_closed,fedagg-results-v3,1,1.0,99110.505236083,99110.513624916,99110.522132916,,1.0,,1.0,1.0,1.0,0.9768482276449835,0.3369195922047044,,1.0,0.0,gate_inactive_insufficient_history,,insufficient_history,0.0,0.6529837670745098,0.008388832997297868,0.008507999998982996,0.0012375031365081668,19.35885032567283,vcaa,badnets,0.3684498690563487,0.1004026373763205,-0.6770519584740855,0.21661258381076068,0.8664503352430427,robust_relative_sigmoid,0.0,1.0,0.5,2.0,runtime-calibrated
3ef75fdf27cb,cifar10,0,2,server-client,4,dirichlet,vcaa,3,True,0.6610946260466277,1.0,0.008609707991126925,2.0,1.0,0.1015625,2.3025853633880615,0.0015813770005479455,10.0,0.1015625,0.0009219233179464936,0.9998985528945923,0.3009863690531347,,,2.0,,0.0,0.0,1.0,0.9881353569673095,0.008609707991126925,vcaa-v5-lineage-content-admission-runtime-age,fail_closed,fedagg-results-v3,1,1.0,99110.513523208,99110.513637375,99110.522132916,,1.0,,1.0,1.0,1.0,0.9881353569673095,0.33806491466026706,,1.0,0.0,gate_inactive_insufficient_history,,insufficient_history,0.0,0.6610946260466277,0.00011416699271649122,0.008495540998410434,0.00010147887223865837,6.989048421815762,vcaa,badnets,0.3684498690563487,0.1004026373763205,-0.671929560479105,0.2193031776776595,0.877212710710638,robust_relative_sigmoid,0.0,1.0,0.5,2.0,runtime-calibrated
3ef75fdf27cb,cifar10,0,3,server-client,4,dirichlet,vcaa,0,True,0.7352953271916542,1.0,0.03704654099419713,3.0,2.0,0.125,2.301457405090332,0.0015406396705657244,10.0,0.125,0.5094157457351685,0.9998983144760132,0.4398285150527954,,,3.0,,0.0,0.0,1.0,0.9499390912855307,0.03704654099419713,vcaa-v5-lineage-content-admission-runtime-age,fail_closed,fedagg-results-v3,1,2.0,99112.217691875,99112.2460455,99112.254738416,,1.0,,1.0,1.0,1.0,0.9499390912855307,0.5480894173890581,,1.0,0.0,gate_inactive_insufficient_history,,insufficient_history,0.0,0.7352953271916542,0.028353624991723336,0.008692916002473794,0.00010167080472456291,0.6744907594765952,vcaa,badnets,0.4199453070759773,0.10304630458346291,0.19295410987507633,0.2508584810857965,1.003433924343186,robust_relative_sigmoid,0.0,1.0,0.5,2.0,runtime-calibrated
3ef75fdf27cb,cifar10,0,3,server-client,4,dirichlet,vcaa,1,True,0.8735754398365695,1.0,0.02603754099982325,3.0,2.0,0.140625,2.301356554031372,0.0016428667586296797,10.0,0.140625,1.0,0.9998766779899597,0.5702816694974899,,,3.0,,0.0,0.0,1.0,0.9645479854263409,0.02603754099982325,vcaa-v5-lineage-content-admission-runtime-age,fail_closed,fedagg-results-v3,1,2.0,99112.228700875,99112.24606225,99112.254738416,,1.0,,1.0,1.0,1.0,0.9645479854263409,0.8113675069269665,,1.0,0.0,gate_inactive_insufficient_history,,insufficient_history,0.0,0.8735754398365695,0.017361374993924983,0.008676166005898267,0.0001233463699463755,0.0,vcaa,badnets,0.4199453070759773,0.10304630458346291,1.4589204632733517,0.29803508855175787,1.1921403542070315,robust_relative_sigmoid,0.0,1.0,0.5,2.0,runtime-calibrated
3ef75fdf27cb,cifar10,0,3,server-client,4,dirichlet,vcaa,2,True,0.6050503413230425,1.0,0.017251500001293607,3.0,2.0,0.1015625,2.3025853633880615,0.0015813770005479455,10.0,0.1015625,0.00026968293241225183,0.9998891353607178,0.3008209545732825,,,3.0,,0.0,0.0,1.0,0.9763680559275743,0.017251500001293607,vcaa-v5-lineage-content-admission-runtime-age,fail_closed,fedagg-results-v3,1,2.0,99112.237486916,99112.246075125,99112.254738416,,1.0,,1.0,1.0,1.0,0.9763680559275743,0.2393898748525307,,1.0,0.0,gate_inactive_insufficient_history,,insufficient_history,0.0,0.6050503413230425,0.00858820900612045,0.008663290995173156,0.00011087996244896203,8.218263296317664,vcaa,badnets,0.4199453070759773,0.10304630458346291,-1.1560274090781142,0.20642319350028904,0.8256927740011561,robust_relative_sigmoid,0.0,1.0,0.5,2.0,runtime-calibrated
3ef75fdf27cb,cifar10,0,3,server-client,4,dirichlet,vcaa,3,True,0.7171949695626979,1.0,0.008757666000747122,3.0,2.0,0.1171875,2.301206350326538,0.0022698650136590004,10.0,0.1171875,0.36620545387268066,0.9996679425239563,0.40006209909915924,,,3.0,,0.0,0.0,1.0,0.9879326979943633,0.008757666000747122,vcaa-v5-lineage-content-admission-runtime-age,fail_closed,fedagg-results-v3,1,2.0,99112.24598075,99112.246086958,99112.254738416,,1.0,,1.0,1.0,1.0,0.9879326979943633,0.45191058261094186,,1.0,0.0,gate_inactive_insufficient_history,,insufficient_history,0.0,0.7171949695626979,0.00010620799730531871,0.008651458003441803,0.00033209598041139543,1.0045607056034398,vcaa,badnets,0.4199453070759773,0.10304630458346291,-0.19295410987507633,0.2446832368621566,0.9787329474486264,robust_relative_sigmoid,0.0,1.0,0.5,2.0,runtime-calibrated
3ef75fdf27cb,cifar10,0,4,server-client,4,dirichlet,vcaa,0,True,0.789938379255883,1.0,0.035459791994071566,4.0,3.0,0.109375,2.3015594482421875,0.0015197832835838199,10.0,0.109375,0.5094157457351685,0.99986732006073,0.4320082664489746,,,4.0,,0.0,0.0,1.0,0.9520309733506152,0.035459791994071566,vcaa-v5-lineage-content-admission-runtime-age,fail_closed,fedagg-results-v3,1,3.0,99113.943604333,99113.970701583,99113.979064125,,1.0,,1.0,1.0,1.0,0.9520309733506152,0.6594804189526374,,1.0,0.0,gate_inactive_insufficient_history,,insufficient_history,0.0,0.789938379255883,0.02709725000022445,0.008362541993847117,0.00013270189811009914,0.6744907594765952,vcaa,badnets,0.3675710503011942,0.09748744325156383,0.6609796502868769,0.2620858387664228,1.048343355065691,robust_relative_sigmoid,0.0,1.0,0.5,2.0,runtime-calibrated
3ef75fdf27cb,cifar10,0,4,server-client,4,dirichlet,vcaa,1,True,0.9097840425567798,1.0,0.026966250006807968,4.0,3.0,0.140625,2.3013856410980225,0.001790554029867053,10.0,0.140625,1.0,0.999863862991333,0.5702784657478333,,,4.0,,0.0,0.0,1.0,0.9633069636183476,0.026966250006807968,vcaa-v5-lineage-content-admission-runtime-age,fail_closed,fedagg-results-v3,1,3.0,99113.952097875,99113.970718833,99113.979064125,,1.0,,1.0,1.0,1.0,0.9633069636183476,0.8888767068380231,,1.0,0.0,gate_inactive_insufficient_history,,insufficient_history,0.0,0.9097840425567798,0.018620958013343625,0.008345291993464343,0.00013616294017992914,0.0,vcaa,badnets,0.3675710503011942,0.09748744325156383,2.079318204330765,0.3018482455738015,1.207392982295206,robust_relative_sigmoid,0.0,1.0,0.5,2.0,runtime-calibrated
3ef75fdf27cb,cifar10,0,4,server-client,4,dirichlet,vcaa,2,True,0.651855816098749,1.0,0.01682520899339579,4.0,3.0,0.1015625,2.2980332374572754,0.00768621638417244,10.0,0.1015625,2.2386857381206937e-06,0.9988707900047302,0.3004995071726171,,,4.0,,0.0,0.0,1.0,0.9769452256271299,0.01682520899339579,vcaa-v5-lineage-content-admission-runtime-age,fail_closed,fedagg-results-v3,1,3.0,99113.962238916,99113.970733875,99113.979064125,,1.0,,1.0,1.0,1.0,0.9769452256271299,0.334477714818256,,1.0,0.0,gate_inactive_insufficient_history,,insufficient_history,0.0,0.651855816098749,0.008494958994560875,0.008330249998834915,0.0011298642493784428,13.009622179698772,vcaa,badnets,0.3675710503011942,0.09748744325156383,-0.6880018686663134,0.216272791401709,0.865091165606836,robust_relative_sigmoid,0.0,1.0,0.5,2.0,runtime-calibrated
3ef75fdf27cb,cifar10,0,4,server-client,4,dirichlet,vcaa,3,True,0.662466255961052,1.0,0.008436709002126008,4.0,3.0,0.1015625,2.3025853633880615,0.0015813770005479455,10.0,0.1015625,0.009506836533546448,0.9999035000801086,0.3031338341534138,,,4.0,,0.0,0.0,1.0,0.9883723674419734,0.008436709002126008,vcaa-v5-lineage-content-admission-runtime-age,fail_closed,fedagg-results-v3,1,3.0,99113.970627416,99113.970746166,99113.979064125,,1.0,,1.0,1.0,1.0,0.9883723674419734,0.3405195810473625,,1.0,0.0,gate_inactive_insufficient_history,,insufficient_history,0.0,0.662466255961052,0.00011875000200234354,0.008317959000123665,9.650923311710358e-05,4.655744172409091,vcaa,badnets,0.3675710503011942,0.09748744325156383,-0.6609796502868769,0.21979312425806663,0.8791724970322665,robust_relative_sigmoid,0.0,1.0,0.5,2.0,runtime-calibrated
3ef75fdf27cb,cifar10,0,5,server-client,4,dirichlet,vcaa,0,True,0.7906274216019156,1.0,0.034449832994141616,5.0,4.0,0.109375,2.301568031311035,0.001531916088424623,10.0,0.109375,0.5094157457351685,0.9998682737350464,0.4320085048675537,,,5.0,,0.0,0.0,1.0,0.9533648459204944,0.034449832994141616,vcaa-v5-lineage-content-admission-runtime-age,fail_closed,fedagg-results-v3,1,4.0,99115.656964708,99115.682759791,99115.691414541,,1.0,,1.0,1.0,1.0,0.9533648459204944,0.6586041010113975,,1.0,0.0,gate_inactive_insufficient_history,,insufficient_history,0.0,0.7906274216019156,0.02579508299822919,0.008654749995912425,0.00013175133790355176,0.6744907594765952,vcaa,badnets,0.36793525563552976,0.09751212766831521,0.6570797988324829,0.2621783115107445,1.048713246042978,robust_relative_sigmoid,0.0,1.0,0.5,2.0,runtime-calibrated
3ef75fdf27cb,cifar10,0,5,server-client,4,dirichlet,vcaa,1,True,0.9111720727015751,1.0,0.025704457992105745,5.0,4.0,0.140625,2.3013832569122314,0.0016231115441769361,10.0,0.140625,1.0,0.9998528957366943,0.5702757239341736,,,5.0,,0.0,0.0,1.0,0.9649934693585932,0.025704457992105745,vcaa-v5-lineage-content-admission-runtime-age,fail_closed,fedagg-results-v3,1,4.0,99115.665710083,99115.682776708,99115.691414541,,1.0,,1.0,1.0,1.0,0.9649934693585932,0.8884523090238282,,1.0,0.0,gate_inactive_insufficient_history,,insufficient_history,0.0,0.9111720727015751,0.017066624990548007,0.008637833001557738,0.00014711270341649652,0.0,vcaa,badnets,0.36793525563552976,0.09751212766831521,2.0750287491100523,0.30215187203173716,1.2086074881269486,robust_relative_sigmoid,0.0,1.0,0.5,2.0,runtime-calibrated
3ef75fdf27cb,cifar10,0,5,server-client,4,dirichlet,vcaa,2,True,0.6511819359159113,1.0,0.01710220800305251,5.0,4.0,0.1015625,2.2973556518554688,0.008345864713191986,10.0,0.1015625,4.1203480805052095e-07,0.9987403750419617,0.30046644676919243,,,5.0,,0.0,0.0,1.0,0.9765701485650936,0.01710220800305251,vcaa-v5-lineage-content-admission-runtime-age,fail_closed,fedagg-results-v3,1,4.0,99115.674312333,99115.682789375,99115.691414541,,1.0,,1.0,1.0,1.0,0.9765701485650936,0.3336101597467713,,1.0,0.0,gate_inactive_insufficient_history,,insufficient_history,0.0,0.6511819359159113,0.00847704200714361,0.008625165995908901,0.0012604270596057177,14.702157935274998,vcaa,badnets,0.36793525563552976,0.09751212766831521,-0.6919017201207075,0.21593708462428293,0.8637483384971317,robust_relative_sigmoid,0.0,1.0,0.5,2.0,runtime-calibrated
3ef75fdf27cb,cifar10,0,5,server-client,4,dirichlet,vcaa,3,True,0.6626281259109276,1.0,0.008731875001103617,5.0,4.0,0.1015625,2.3025853633880615,0.0015813770005479455,10.0,0.1015625,0.012424234300851822,0.9998987913131714,0.3038620064035058,,,5.0,,0.0,0.0,1.0,0.9879680210898837,0.008731875001103617,vcaa-v5-lineage-content-admission-runtime-age,fail_closed,fedagg-results-v3,1,4.0,99115.682682666,99115.682801875,99115.691414541,,1.0,,1.0,1.0,1.0,0.9879680210898837,0.3413958989886025,,1.0,0.0,gate_inactive_insufficient_history,,insufficient_history,0.0,0.6626281259109276,0.00011920899851247668,0.00861266600259114,0.00010122544335899875,4.38810633455612,vcaa,badnets,0.36793525563552976,0.09751212766831521,-0.6570797988324829,0.21973273183323533,0.8789309273329413,robust_relative_sigmoid,0.0,1.0,0.5,2.0,runtime-calibrated
3ef75fdf27cb,cifar10,0,6,server-client,4,dirichlet,vcaa,0,True,0.6547992673909981,1.0,0.03495120799925644,6.0,5.0,0.1171875,2.301549196243286,0.0015246046241372824,10.0,0.1171875,0.11300859600305557,0.999809205532074,0.3367982003837824,,,6.0,,0.0,0.0,1.0,0.9527024367293421,0.03495120799925644,vcaa-v5-lineage-content-admission-runtime-age,fail_closed,fedagg-results-v3,1,5.0,99117.381411625,99117.407362375,99117.416362833,,1.0,,1.0,1.0,1.0,0.9527024367293421,0.3746144486392728,,1.0,0.0,gate_inactive_insufficient_history,,insufficient_history,0.0,0.6547992673909981,0.025950750001356937,0.009000457997899503,0.00019083856022916734,2.180291380008094,vcaa,badnets,0.39416725654155016,0.11194596029200934,-0.5124709816068526,0.2203410973443307,0.8813643893773228,robust_relative_sigmoid,0.0,1.0,0.5,2.0,runtime-calibrated
3ef75fdf27cb,cifar10,0,6,server-client,4,dirichlet,vcaa,1,True,0.7837171054363646,1.0,0.026188542004092596,6.0,5.0,0.1484375,2.3013362884521484,0.0016925579402595758,10.0,0.1484375,0.5094157457351685,0.9998545050621033,0.45153631269931793,,,6.0,,0.0,0.0,1.0,0.9643460959527524,0.026188542004092596,vcaa-v5-lineage-content-admission-runtime-age,fail_closed,fedagg-results-v3,1,5.0,99117.390174291,99117.407379416,99117.416362833,,1.0,,1.0,1.0,1.0,0.9643460959527524,0.6253855513607272,,1.0,0.0,gate_inactive_insufficient_history,,insufficient_history,0.0,0.7837171054363646,0.017205125011969358,0.008983416992123239,0.00014547639875672758,0.6744907594765952,vcaa,badnets,0.39416725654155016,0.11194596029200934,0.5124709816068526,0.2637221750528566,1.0548887002114264,robust_relative_sigmoid,0.0,1.0,0.5,2.0,runtime-calibrated
3ef75fdf27cb,cifar10,0,6,server-client,4,dirichlet,vcaa,2,True,0.6355649614946335,1.0,0.01745866700366605,6.0,5.0,0.1015625,2.2980730533599854,0.007610695902258158,10.0,0.1015625,1.8607008989146578e-10,0.9989681243896484,0.3005232811439296,,,6.0,,0.0,0.0,1.0,0.9760876887053711,0.01745866700366605,vcaa-v5-lineage-content-admission-runtime-age,fail_closed,fedagg-results-v3,1,5.0,99117.398904166,99117.407392416,99117.416362833,,1.0,,1.0,1.0,1.0,0.9760876887053711,0.30227021372969437,,1.0,0.0,gate_inactive_insufficient_history,,insufficient_history,0.0,0.6355649614946335,0.00848825000866782,0.008970416994998232,0.001032422878779471,22.4048968029138,vcaa,badnets,0.39416725654155016,0.11194596029200934,-0.8365105373463378,0.21386871980984143,0.8554748792393657,robust_relative_sigmoid,0.0,1.0,0.5,2.0,runtime-calibrated
3ef75fdf27cb,cifar10,0,6,server-client,4,dirichlet,vcaa,3,True,0.8976714402760737,1.0,0.009066625003470108,6.0,5.0,0.125,2.301240921020508,0.0021481181029230356,10.0,0.125,1.0,0.9997768402099609,0.5624442100524902,,,6.0,,0.0,0.0,1.0,0.9875096489986744,0.009066625003470108,vcaa-v5-lineage-content-admission-runtime-age,fail_closed,fedagg-results-v3,1,5.0,99117.407296208,99117.407405708,99117.416362833,,1.0,,1.0,1.0,1.0,0.9875096489986744,0.8180509753728566,,1.0,0.0,gate_inactive_insufficient_history,,insufficient_history,0.0,0.8976714402760737,0.000109500004327856,0.008957124999142252,0.0002231992402812466,0.0,vcaa,badnets,0.39416725654155016,0.11194596029200934,1.5031980883632798,0.3020680077929712,1.2082720311718849,robust_relative_sigmoid,0.0,1.0,0.5,2.0,runtime-calibrated
3ef75fdf27cb,cifar10,0,7,server-client,4,dirichlet,vcaa,0,True,0.8530437637426774,1.0,0.03380862499761861,7.0,6.0,0.1171875,2.2962520122528076,0.007521850522607565,10.0,0.1171875,1.0,0.9994853138923645,0.5584650784730911,,,7.0,,0.0,0.0,1.0,0.9542126715821929,0.03380862499761861,vcaa-v5-lineage-content-admission-runtime-age,fail_closed,fedagg-results-v3,2,6.0,99119.083402916,99119.109101041,99119.117211541,,1.0,,1.0,1.0,1.0,0.9542126715821929,0.7879531243873215,0.28222129624954084,1.0,1.0,,,historical_median_minus_mad_floor,4.0,0.8530437637426774,0.02569812499859836,0.008110499999020249,0.0005148340715095401,0.0,vcaa,badnets,0.41817863285541534,0.10687422436638674,1.3126312396592943,0.2911818747252588,1.1647274989010352,robust_relative_sigmoid,1.0,1.0,0.5,2.0,runtime-calibrated
3ef75fdf27cb,cifar10,0,7,server-client,4,dirichlet,vcaa,1,True,0.7480951224300518,1.0,0.02555491600651294,7.0,6.0,0.125,2.300715208053589,0.0022455104626715183,10.0,0.125,0.5094157457351685,0.9993358850479126,0.43968790769577026,,,7.0,,0.0,0.0,1.0,0.9651935421314587,0.02555491600651294,vcaa-v5-lineage-content-admission-runtime-age,fail_closed,fedagg-results-v3,2,6.0,99119.091656625,99119.10911675,99119.117211541,,1.0,,1.0,1.0,1.0,0.9651935421314587,0.5501453123650547,0.28222129624954084,1.0,1.0,,,historical_median_minus_mad_floor,4.0,0.7480951224300518,0.017460125003708526,0.008094791002804413,0.0006643634987995028,0.6744907594765952,vcaa,badnets,0.41817863285541534,0.10687422436638674,0.20125783338194547,0.2553582236698866,1.0214328946795463,robust_relative_sigmoid,1.0,1.0,0.5,2.0,runtime-calibrated
3ef75fdf27cb,cifar10,0,7,server-client,4,dirichlet,vcaa,2,True,0.6116857239175545,1.0,0.017149708000943065,7.0,6.0,0.1015625,2.2677063941955566,0.03737358748912811,10.0,0.1015625,0.013381331227719784,0.9929265975952148,0.30235823220573366,,,7.0,,0.0,0.0,1.0,0.9765058445348658,0.017149708000943065,vcaa-v5-lineage-content-admission-runtime-age,fail_closed,fedagg-results-v3,2,6.0,99119.100061833,99119.109128791,99119.117211541,,1.0,,1.0,1.0,1.0,0.9765058445348658,0.25280504431372003,0.28222129624954084,1.0,1.0,,,historical_median_minus_mad_floor,4.0,0.6116857239175545,0.009066957994946279,0.008082750005996786,0.0070985229685902596,4.313894451996435,vcaa,badnets,0.41817863285541534,0.10687422436638674,-1.0837075200903972,0.2087956133124237,0.8351824532496948,robust_relative_sigmoid,1.0,1.0,0.5,2.0,runtime-calibrated
3ef75fdf27cb,cifar10,0,7,server-client,4,dirichlet,vcaa,3,True,0.7167662669090376,1.0,0.008166832994902506,7.0,6.0,0.1015625,2.3025853633880615,0.0012872724328190088,10.0,0.1015625,0.3839995265007019,0.9995529055595398,0.3966693580150604,,,7.0,,0.0,0.0,1.0,0.9887422139914619,0.008166832994902506,vcaa-v5-lineage-content-admission-runtime-age,fail_closed,fedagg-results-v3,2,6.0,99119.109044708,99119.109140333,99119.117211541,,1.0,,1.0,1.0,1.0,0.9887422139914619,0.4498546876349453,0.28222129624954084,1.0,1.0,,,historical_median_minus_mad_floor,4.0,0.7167662669090376,9.56250005401671e-05,0.00807120799436234,0.0004472119908314198,0.9571139174538609,vcaa,badnets,0.41817863285541534,0.10687422436638674,-0.20125783338194547,0.24466428829243095,0.9786571531697238,robust_relative_sigmoid,1.0,1.0,0.5,2.0,runtime-calibrated
3ef75fdf27cb,cifar10,0,8,server-client,4,dirichlet,vcaa,0,True,0.8516672318152562,1.0,0.035408459007157944,8.0,7.0,0.1171875,2.2962465286254883,0.007386017590761185,10.0,0.1171875,1.0,0.9994902014732361,0.558466300368309,,,8.0,,0.0,0.0,1.0,0.9520987247894604,0.035408459007157944,vcaa-v5-lineage-content-admission-runtime-age,fail_closed,fedagg-results-v3,2,7.0,99120.806164916,99120.833029083,99120.841573375,,1.0,,1.0,1.0,1.0,0.9520987247894604,0.7890313465204717,0.28222129624954084,1.0,1.0,,,historical_median_minus_mad_floor,4.0,0.8516672318152562,0.026864167011808604,0.00854429199534934,0.0005099374684505165,0.0,vcaa,badnets,0.4165954515337944,0.10755153246472994,1.3190964887556504,0.29087895533168634,1.1635158213267454,robust_relative_sigmoid,1.0,1.0,0.5,2.0,runtime-calibrated
3ef75fdf27cb,cifar10,0,8,server-client,4,dirichlet,vcaa,1,True,0.7494279987798804,1.0,0.025829125006566755,8.0,7.0,0.125,2.3005619049072266,0.0023839715868234634,10.0,0.125,0.5094157457351685,0.9993798136711121,0.43969888985157013,,,8.0,,0.0,0.0,1.0,0.9648267086000023,0.025829125006566755,vcaa-v5-lineage-content-admission-runtime-age,fail_closed,fedagg-results-v3,2,7.0,99120.81574425,99120.8330455,99120.841573375,,1.0,,1.0,1.0,1.0,0.9648267086000023,0.5534976221114919,0.28222129624954084,1.0,1.0,,,historical_median_minus_mad_floor,4.0,0.7494279987798804,0.017301250001764856,0.0085278750048019,0.0006203819648362696,0.6744907594765952,vcaa,badnets,0.4165954515337944,0.10755153246472994,0.21481273012406574,0.2559601041791578,1.0238404167166313,robust_relative_sigmoid,1.0,1.0,0.5,2.0,runtime-calibrated
3ef75fdf27cb,cifar10,0,8,server-client,4,dirichlet,vcaa,2,True,0.6121450623448058,1.0,0.017115084003307857,8.0,7.0,0.1015625,2.2643520832061768,0.04015321657061577,10.0,0.1015625,0.006839212961494923,0.9922032356262207,0.3005418621469289,,,8.0,,0.0,0.0,1.0,0.9765527170152494,0.017115084003307857,vcaa-v5-lineage-content-admission-runtime-age,fail_closed,fedagg-results-v3,2,7.0,99120.824458291,99120.833058208,99120.841573375,,1.0,,1.0,1.0,1.0,0.9765527170152494,0.25368564682462896,0.28222129624954084,1.0,1.0,,,historical_median_minus_mad_floor,4.0,0.6121450623448058,0.008599916996899992,0.008515167006407864,0.007827332243323326,4.985082947457543,vcaa,badnets,0.4165954515337944,0.10755153246472994,-1.0790510067806212,0.2090724048015645,0.836289619206258,robust_relative_sigmoid,1.0,1.0,0.5,2.0,runtime-calibrated
3ef75fdf27cb,cifar10,0,8,server-client,4,dirichlet,vcaa,3,True,0.7146691216277377,1.0,0.00861066700599622,8.0,7.0,0.1015625,2.3025853633880615,0.0012872724328190088,10.0,0.1015625,0.37129586935043335,0.9995471835136414,0.3934920132160187,,,8.0,,0.0,0.0,1.0,0.9881340432650462,0.00861066700599622,vcaa-v5-lineage-content-admission-runtime-age,fail_closed,fedagg-results-v3,2,7.0,99120.832962708,99120.833069666,99120.841573375,,1.0,,1.0,1.0,1.0,0.9881340432650462,0.4465023778885081,0.28222129624954084,1.0,1.0,,,historical_median_minus_mad_floor,4.0,0.7146691216277377,0.00010695800301618874,0.008503709002980031,0.0004529064171947539,0.9907561227737147,vcaa,badnets,0.4165954515337944,0.10755153246472994,-0.21481273012406574,0.24408853568759126,0.976354142750365,robust_relative_sigmoid,1.0,1.0,0.5,2.0,runtime-calibrated
3ef75fdf27cb,cifar10,0,9,server-client,4,dirichlet,vcaa,0,True,0.8515248374374336,1.0,0.03439841698855162,9.0,8.0,0.1171875,2.296269178390503,0.007535235490649939,10.0,0.1171875,1.0,0.9991670846939087,0.5583855211734772,,,9.0,,0.0,0.0,1.0,0.9534328020135737,0.03439841698855162,vcaa-v5-lineage-content-admission-runtime-age,fail_closed,fedagg-results-v3,2,8.0,99122.527586291,99122.553358583,99122.561984708,,1.0,,1.0,1.0,1.0,0.9534328020135737,0.7862293716748182,0.28222129624954084,1.0,1.0,,,historical_median_minus_mad_floor,4.0,0.8515248374374336,0.025772291992325336,0.008626124996226281,0.0008332753786817193,0.0,vcaa,badnets,0.42805129289627075,0.1000765788957354,1.3023449613819722,0.2917985702704999,1.1671942810819995,robust_relative_sigmoid,1.0,1.0,0.5,2.0,runtime-calibrated
3ef75fdf27cb,cifar10,0,9,server-client,4,dirichlet,vcaa,1,True,0.723574264178243,1.0,0.025874749990180135,9.0,8.0,0.1015625,2.3025853633880615,0.0012872724328190088,10.0,0.1015625,0.5094157457351685,0.9996644258499146,0.42805129289627075,,,9.0,,0.0,0.0,1.0,0.9647656855709906,0.025874749990180135,vcaa-v5-lineage-content-admission-runtime-age,fail_closed,fedagg-results-v3,2,8.0,99122.536109958,99122.553375833,99122.561984708,,1.0,,1.0,1.0,1.0,0.9647656855709906,0.5,0.28222129624954084,1.0,1.0,,,historical_median_minus_mad_floor,4.0,0.723574264178243,0.017265874994336627,0.008608874995843507,0.0003356185043230653,0.6744907594765952,vcaa,badnets,0.42805129289627075,0.1000765788957354,0.0,0.24795276249032935,0.9918110499613174,robust_relative_sigmoid,1.0,1.0,0.5,2.0,runtime-calibrated
3ef75fdf27cb,cifar10,0,9,server-client,4,dirichlet,vcaa,2,True,0.6020829309046712,1.0,0.01732666698808316,9.0,8.0,0.1015625,2.266268730163574,0.03852178528904915,10.0,0.1015625,0.040612541139125824,0.9925081133842468,0.30906141363084316,,,9.0,,0.0,0.0,1.0,0.9762663201912877,0.01732666698808316,vcaa-v5-lineage-content-admission-runtime-age,fail_closed,fedagg-results-v3,2,8.0,99122.544658041,99122.553388375,99122.561984708,,1.0,,1.0,1.0,1.0,0.9762663201912877,0.23343993017540593,0.28222129624954084,1.0,1.0,,,historical_median_minus_mad_floor,4.0,0.6020829309046712,0.008730333996936679,0.008596332991146483,0.0075200698338449,3.203678346508359,vcaa,badnets,0.42805129289627075,0.1000765788957354,-1.1889882785601311,0.20632039219309792,0.8252815687723917,robust_relative_sigmoid,1.0,1.0,0.5,2.0,runtime-calibrated
3ef75fdf27cb,cifar10,0,9,server-client,4,dirichlet,vcaa,3,True,0.7410119690748704,1.0,0.008696874996530823,9.0,8.0,0.1015625,2.3025853633880615,0.0012872724328190088,10.0,0.1015625,0.5094157457351685,0.9996644258499146,0.42805129289627075,,,9.0,,0.0,0.0,1.0,0.9880159587664938,0.008696874996530823,vcaa-v5-lineage-content-admission-runtime-age,fail_closed,fedagg-results-v3,2,8.0,99122.553287833,99122.553400208,99122.561984708,,1.0,,1.0,1.0,1.0,0.9880159587664938,0.5,0.28222129624954084,1.0,1.0,,,historical_median_minus_mad_floor,4.0,0.7410119690748704,0.00011237499711569399,0.00858449999941513,0.0003356185043230653,0.6744907594765952,vcaa,badnets,0.42805129289627075,0.1000765788957354,0.0,0.2539282750460728,1.0157131001842912,robust_relative_sigmoid,1.0,1.0,0.5,2.0,runtime-calibrated
3ef75fdf27cb,cifar10,0,10,server-client,4,dirichlet,vcaa,0,True,0.8474984406897781,1.0,0.03408612500061281,10.0,9.0,0.1171875,2.2962193489074707,0.007601216435432434,10.0,0.1171875,1.0,0.9994980096817017,0.5584682524204254,,,10.0,,0.0,0.0,1.0,0.9538456597251378,0.03408612500061281,vcaa-v5-lineage-content-admission-runtime-age,fail_closed,fedagg-results-v3,2,9.0,99124.23353825,99124.259173083,99124.267624375,,1.0,,1.0,1.0,1.0,0.9538456597251378,0.7770137800574468,0.28222129624954084,1.0,1.0,,,historical_median_minus_mad_floor,4.0,0.8474984406897781,0.025634833000367507,0.008451292000245303,0.0005021076067350805,0.0,vcaa,badnets,0.42148498445749283,0.10973162606689085,1.2483481095908442,0.2898931775165597,1.1595727100662387,robust_relative_sigmoid,1.0,1.0,0.5,2.0,runtime-calibrated
3ef75fdf27cb,cifar10,0,10,server-client,4,dirichlet,vcaa,1,True,0.7521895977571329,1.0,0.025713750001159497,10.0,9.0,0.140625,2.3006479740142822,0.0022505319211632013,10.0,0.140625,0.5094157457351685,0.9992972612380981,0.44749075174331665,,,10.0,,0.0,0.0,1.0,0.9649810389141155,0.025713750001159497,vcaa-v5-lineage-content-admission-runtime-age,fail_closed,fedagg-results-v3,2,9.0,99124.241910625,99124.259189458,99124.267624375,,1.0,,1.0,1.0,1.0,0.9649810389141155,0.5589728034523147,0.28222129624954084,1.0,1.0,,,historical_median_minus_mad_floor,4.0,0.7521895977571329,0.017278832994634286,0.008434917006525211,0.0007029832922853529,0.6744907594765952,vcaa,badnets,0.42148498445749283,0.10973162606689085,0.23699427610751955,0.2572920752647565,1.029168301059026,robust_relative_sigmoid,1.0,1.0,0.5,2.0,runtime-calibrated
3ef75fdf27cb,cifar10,0,10,server-client,4,dirichlet,vcaa,2,True,0.6117467479576865,1.0,0.016962709007202648,10.0,9.0,0.1015625,2.2680392265319824,0.03707832470536232,10.0,0.1015625,0.01367886271327734,0.993003785610199,0.3024519120808691,,,10.0,,0.0,0.0,1.0,0.9767590224777034,0.016962709007202648,vcaa-v5-lineage-content-admission-runtime-age,fail_closed,fedagg-results-v3,2,9.0,99124.250661666,99124.259201791,99124.267624375,,1.0,,1.0,1.0,1.0,0.9767590224777034,0.25260526676455836,0.28222129624954084,1.0,1.0,,,historical_median_minus_mad_floor,4.0,0.6117467479576865,0.008540125010767952,0.008422583996434696,0.007020832039415836,4.291903623531394,vcaa,badnets,0.42148498445749283,0.10973162606689085,-1.0847654103299524,0.2092525485433789,0.8370101941735156,robust_relative_sigmoid,1.0,1.0,0.5,2.0,runtime-calibrated
3ef75fdf27cb,cifar10,0,10,server-client,4,dirichlet,vcaa,3,True,0.7120505054883655,1.0,0.008523042008164339,10.0,9.0,0.1015625,2.3025853633880615,0.0012872724328190088,10.0,0.1015625,0.3792498707771301,0.9995419979095459,0.395479217171669,,,10.0,,0.0,0.0,1.0,0.9882540831904457,0.008523042008164339,vcaa-v5-lineage-content-admission-runtime-age,fail_closed,fedagg-results-v3,2,9.0,99124.259101333,99124.259213,99124.267624375,,1.0,,1.0,1.0,1.0,0.9882540831904457,0.4410271965476853,0.28222129624954084,1.0,1.0,,,historical_median_minus_mad_floor,4.0,0.7120505054883655,0.00011166700278408825,0.00841137500538025,0.0004581190587487072,0.9695600413881329,vcaa,badnets,0.42148498445749283,0.10973162606689085,-0.23699427610751955,0.24356219867530485,0.9742487947012194,robust_relative_sigmoid,1.0,1.0,0.5,2.0,runtime-calibrated
3ef75fdf27cb,cifar10,0,11,server-client,4,dirichlet,vcaa,0,True,0.8441211664013056,1.0,0.03487020899774507,11.0,10.0,0.109375,2.296175718307495,0.007771272212266922,10.0,0.109375,1.0,0.999535322189331,0.5545713305473328,,,11.0,,0.0,0.0,1.0,0.9528094202242906,0.03487020899774507,vcaa-v5-lineage-content-admission-runtime-age,fail_closed,fedagg-results-v3,2,10.0,99125.955244791,99125.981262041,99125.990115,,1.0,,1.0,1.0,1.0,0.9528094202242906,0.7718573063700404,0.28222129624954084,1.0,1.0,,,historical_median_minus_mad_floor,4.0,0.8441211664013056,0.026017249998403713,0.008852958999341354,0.0004648026078939438,0.0,vcaa,badnets,0.42107995226979256,0.1095243405256065,1.2188284141855232,0.2891582565227619,1.1566330260910476,robust_relative_sigmoid,1.0,1.0,0.5,2.0,runtime-calibrated
3ef75fdf27cb,cifar10,0,11,server-client,4,dirichlet,vcaa,1,True,0.7520960167588577,1.0,0.026267791996360756,11.0,10.0,0.140625,2.3005964756011963,0.002196351531893015,10.0,0.140625,0.5094157457351685,0.9992648363113403,0.4474826455116272,,,11.0,,0.0,0.0,1.0,0.9642401550289998,0.026267791996360756,vcaa-v5-lineage-content-admission-runtime-age,fail_closed,fedagg-results-v3,2,10.0,99125.963847208,99125.981279416,99125.990115,,1.0,,1.0,1.0,1.0,0.9642401550289998,0.5599765532192302,0.28222129624954084,1.0,1.0,,,historical_median_minus_mad_floor,4.0,0.7520960167588577,0.017432207998353988,0.008835583998006769,0.0007354280678555369,0.6744907594765952,vcaa,badnets,0.42107995226979256,0.1095243405256065,0.24106689997062125,0.25763454537084196,1.0305381814833678,robust_relative_sigmoid,1.0,1.0,0.5,2.0,runtime-calibrated
3ef75fdf27cb,cifar10,0,11,server-client,4,dirichlet,vcaa,2,True,0.611864331241345,1.0,0.01755087499623187,11.0,10.0,0.1015625,2.268921375274658,0.03639070689678192,10.0,0.1015625,0.01563422568142414,0.9932529926300049,0.30300305457785726,,,11.0,,0.0,0.0,1.0,0.9759629259085125,0.01755087499623187,vcaa-v5-lineage-content-admission-runtime-age,fail_closed,fedagg-results-v3,2,10.0,99125.972564125,99125.981292333,99125.990115,,1.0,,1.0,1.0,1.0,0.9759629259085125,0.2538679800193592,0.28222129624954084,1.0,1.0,,,historical_median_minus_mad_floor,4.0,0.611864331241345,0.00872820800577756,0.008822666990454309,0.006769886240363121,4.158292643083164,vcaa,badnets,0.42107995226979256,0.1095243405256065,-1.078088186838516,0.20959742545550664,0.8383897018220265,robust_relative_sigmoid,1.0,1.0,0.5,2.0,runtime-calibrated
3ef75fdf27cb,cifar10,0,11,server-client,4,dirichlet,vcaa,3,True,0.7111543965912613,1.0,0.00892879199818708,11.0,10.0,0.1015625,2.3025853633880615,0.0012872724328190088,10.0,0.1015625,0.3760841190814972,0.9994999170303345,0.3946772590279579,,,11.0,,0.0,0.0,1.0,0.9876983575247689,0.00892879199818708,vcaa-v5-lineage-content-admission-runtime-age,fail_closed,fedagg-results-v3,2,10.0,99125.981186208,99125.981304041,99125.990115,,1.0,,1.0,1.0,1.0,0.9876983575247689,0.44002344678076977,0.28222129624954084,1.0,1.0,,,historical_median_minus_mad_floor,4.0,0.7111543965912613,0.00011783299851231277,0.008810958999674767,0.000500213704071939,0.9779424861271053,vcaa,badnets,0.42107995226979256,0.1095243405256065,-0.24106689997062125,0.24360977265088968,0.9744390906035587,robust_relative_sigmoid,1.0,1.0,0.5,2.0,runtime-calibrated
3ef75fdf27cb,cifar10,0,12,server-client,4,dirichlet,vcaa,0,True,0.8504715562638561,1.0,0.034825957991415635,12.0,11.0,0.1171875,2.2962987422943115,0.007436813786625862,10.0,0.1171875,1.0,0.9995076060295105,0.5584706515073776,,,12.0,,0.0,0.0,1.0,0.9528678720353145,0.034825957991415635,vcaa-v5-lineage-content-admission-runtime-age,fail_closed,fedagg-results-v3,2,11.0,99127.671699208,99127.69767525,99127.706525166,,1.0,,1.0,1.0,1.0,0.9528678720353145,0.7850776193078246,0.28222129624954084,1.0,1.0,,,historical_median_minus_mad_floor,4.0,0.8504715562638561,0.025976042001275346,0.008849915990140289,0.0004925002576783299,0.0,vcaa,badnets,0.41869106888771057,0.10789577245473567,1.2955056480855842,0.29058870540325876,1.162354821613035,robust_relative_sigmoid,1.0,1.0,0.5,2.0,runtime-calibrated
3ef75fdf27cb,cifar10,0,12,server-client,4,dirichlet,vcaa,1,True,0.7510301496923631,1.0,0.02611008299572859,12.0,11.0,0.1328125,2.3005928993225098,0.002259574830532074,10.0,0.1328125,0.5094157457351685,0.9992979168891907,0.4435846656560898,,,12.0,,0.0,0.0,1.0,0.9644509909598997,0.02611008299572859,vcaa-v5-lineage-content-admission-runtime-age,fail_closed,fedagg-results-v3,2,11.0,99127.680415083,99127.697692083,99127.706525166,,1.0,,1.0,1.0,1.0,0.9644509909598997,0.5574252227059815,0.28222129624954084,1.0,1.0,,,historical_median_minus_mad_floor,4.0,0.7510301496923631,0.01727700000628829,0.0088330829894403,0.0007023340440355241,0.6744907594765952,vcaa,badnets,0.41869106888771057,0.10789577245473567,0.2307189262565644,0.2566116142398194,1.0264464569592775,robust_relative_sigmoid,1.0,1.0,0.5,2.0,runtime-calibrated
3ef75fdf27cb,cifar10,0,12,server-client,4,dirichlet,vcaa,2,True,0.6128021806169429,1.0,0.017588332993909717,12.0,11.0,0.1015625,2.270495891571045,0.034997183829545975,10.0,0.1015625,0.01737194135785103,0.9934986233711243,0.3034988911822438,,,12.0,,0.0,0.0,1.0,0.9759122476060104,0.017588332993909717,vcaa-v5-lineage-content-admission-runtime-age,fail_closed,fedagg-results-v3,2,11.0,99127.688936833,99127.697704666,99127.706525166,,1.0,,1.0,1.0,1.0,0.9759122476060104,0.2558550876273864,0.28222129624954084,1.0,1.0,,,historical_median_minus_mad_floor,4.0,0.6128021806169429,0.00876783300191164,0.008820499991998076,0.006522604264318943,4.052898919790934,vcaa,badnets,0.41869106888771057,0.10789577245473567,-1.0676245703119838,0.209381949369421,0.837527797477684,robust_relative_sigmoid,1.0,1.0,0.5,2.0,runtime-calibrated
3ef75fdf27cb,cifar10,0,12,server-client,4,dirichlet,vcaa,3,True,0.7124153576714852,1.0,0.008927791001042351,12.0,11.0,0.1015625,2.3025853633880615,0.0012872724328190088,10.0,0.1015625,0.3725252151489258,0.9995396733283997,0.39379747211933136,,,12.0,,0.0,0.0,1.0,0.9876997281317145,0.008927791001042351,vcaa-v5-lineage-content-admission-runtime-age,fail_closed,fedagg-results-v3,2,11.0,99127.697597375,99127.697716625,99127.706525166,,1.0,,1.0,1.0,1.0,0.9876997281317145,0.44257477729401834,0.28222129624954084,1.0,1.0,,,historical_median_minus_mad_floor,4.0,0.7124153576714852,0.00011925000580959022,0.008808540995232761,0.0004604303394444287,0.9874505771960947,vcaa,badnets,0.41869106888771057,0.10789577245473567,-0.2307189262565644,0.2434177309875008,0.9736709239500032,robust_relative_sigmoid,1.0,1.0,0.5,2.0,runtime-calibrated
3ef75fdf27cb,cifar10,0,13,server-client,4,dirichlet,vcaa,0,True,0.8503387851588666,1.0,0.03413208300480619,13.0,12.0,0.1171875,2.296285629272461,0.007591646164655685,10.0,0.1171875,1.0,0.999502956867218,0.5584694892168045,,,13.0,,0.0,0.0,1.0,0.9537848908929658,0.03413208300480619,vcaa-v5-lineage-content-admission-runtime-age,fail_closed,fedagg-results-v3,2,12.0,99129.388747208,99129.414305083,99129.422879291,,1.0,,1.0,1.0,1.0,0.9537848908929658,0.7830829430790219,0.28222129624954084,1.0,1.0,,,historical_median_minus_mad_floor,4.0,0.8503387851588666,0.02555787500750739,0.0085742079972988,0.0004971498856320977,0.0,vcaa,badnets,0.41844452917575836,0.10907719057018342,1.2837235659360884,0.29056024263979535,1.1622409705591814,robust_relative_sigmoid,1.0,1.0,0.5,2.0,runtime-calibrated
3ef75fdf27cb,cifar10,0,13,server-client,4,dirichlet,vcaa,1,True,0.7516541145629126,1.0,0.0254760410025483,13.0,12.0,0.1328125,2.3005659580230713,0.0022611794993281364,10.0,0.1328125,0.5094157457351685,0.9992684721946716,0.44357730448246,,,13.0,,0.0,0.0,1.0,0.9652990859984785,0.0254760410025483,vcaa-v5-lineage-content-admission-runtime-age,fail_closed,fedagg-results-v3,2,12.0,99129.39740325,99129.414322208,99129.422879291,,1.0,,1.0,1.0,1.0,0.9652990859984785,0.5573496866733746,0.28222129624954084,1.0,1.0,,,historical_median_minus_mad_floor,4.0,0.7516541145629126,0.016918958004680462,0.008557082997867838,0.0007318120333366096,0.6744907594765952,vcaa,badnets,0.41844452917575836,0.10907719057018342,0.2304127487637345,0.2568397510737996,1.0273590042951983,robust_relative_sigmoid,1.0,1.0,0.5,2.0,runtime-calibrated
3ef75fdf27cb,cifar10,0,13,server-client,4,dirichlet,vcaa,2,True,0.6118187614456381,1.0,0.01705999999830965,13.0,12.0,0.1015625,2.263801336288452,0.04069320112466812,10.0,0.1015625,0.005982906557619572,0.9921085238456726,0.30030410760082304,,,13.0,,0.0,0.0,1.0,0.9766272920115432,0.01705999999830965,vcaa-v5-lineage-content-admission-runtime-age,fail_closed,fedagg-results-v3,2,12.0,99129.405819291,99129.414334791,99129.422879291,,1.0,,1.0,1.0,1.0,0.9766272920115432,0.2529216958200811,0.28222129624954084,1.0,1.0,,,historical_median_minus_mad_floor,4.0,0.6118187614456381,0.008515499997884035,0.008544500000425614,0.00792278628796339,5.118848743270017,vcaa,badnets,0.41844452917575836,0.10907719057018342,-1.083090066377538,0.2090580964668233,0.8362323858672932,robust_relative_sigmoid,1.0,1.0,0.5,2.0,runtime-calibrated
3ef75fdf27cb,cifar10,0,13,server-client,4,dirichlet,vcaa,3,True,0.7127373306470719,1.0,0.008639624997158535,13.0,12.0,0.1015625,2.3025853633880615,0.0012872724328190088,10.0,0.1015625,0.37057214975357056,0.9995498657226562,0.3933117538690567,,,13.0,,0.0,0.0,1.0,0.9880943761119241,0.008639624997158535,vcaa-v5-lineage-content-admission-runtime-age,fail_closed,fedagg-results-v3,2,12.0,99129.414239666,99129.414346791,99129.422879291,,1.0,,1.0,1.0,1.0,0.9880943761119241,0.44265031332662547,0.28222129624954084,1.0,1.0,,,historical_median_minus_mad_floor,4.0,0.7127373306470719,0.00010712500079534948,0.008532499996363185,0.0004502317460719496,0.9927070315629741,vcaa,badnets,0.41844452917575836,0.10907719057018342,-0.2304127487637345,0.2435419098195816,0.9741676392783264,robust_relative_sigmoid,1.0,1.0,0.5,2.0,runtime-calibrated
3ef75fdf27cb,cifar10,0,14,server-client,4,dirichlet,vcaa,0,True,0.8482979262517395,1.0,0.035744083012104966,14.0,13.0,0.1171875,2.296236515045166,0.007428533863276243,10.0,0.1171875,1.0,0.9994683861732483,0.5584608465433121,,,14.0,,0.0,0.0,1.0,0.9516558413648327,0.035744083012104966,vcaa-v5-lineage-content-admission-runtime-age,fail_closed,fedagg-results-v3,2,13.0,99131.118006083,99131.144761208,99131.153750166,,1.0,,1.0,1.0,1.0,0.9516558413648327,0.7827829964982703,0.28222129624954084,1.0,1.0,,,historical_median_minus_mad_floor,4.0,0.8482979262517395,0.02675512499990873,0.008988958012196235,0.0005317596951499581,0.0,vcaa,badnets,0.41877951472997665,0.10895931196960676,1.281958643904601,0.29030112367868066,1.1612044947147226,robust_relative_sigmoid,1.0,1.0,0.5,2.0,runtime-calibrated
3ef75fdf27cb,cifar10,0,14,server-client,4,dirichlet,vcaa,1,True,0.7500655291085164,1.0,0.02668329101288691,14.0,13.0,0.1328125,2.300581455230713,0.0022258684039115906,10.0,0.1328125,0.5094157457351685,0.9992839694023132,0.4435811787843704,,,14.0,,0.0,0.0,1.0,0.9636849088244201,0.02668329101288691,vcaa-v5-lineage-content-admission-runtime-age,fail_closed,fedagg-results-v3,2,13.0,99131.127066875,99131.144778166,99131.153750166,,1.0,,1.0,1.0,1.0,0.9636849088244201,0.5566613573382742,0.28222129624954084,1.0,1.0,,,historical_median_minus_mad_floor,4.0,0.7500655291085164,0.017711291002342477,0.008972000010544434,0.0007162624388001859,0.6744907594765952,vcaa,badnets,0.41877951472997665,0.10895931196960676,0.22762317057684775,0.2566844255943977,1.0267377023775908,robust_relative_sigmoid,1.0,1.0,0.5,2.0,runtime-calibrated
3ef75fdf27cb,cifar10,0,14,server-client,4,dirichlet,vcaa,2,True,0.6111009346300172,1.0,0.017766333010513335,14.0,13.0,0.1015625,2.2644333839416504,0.04012182354927063,10.0,0.1015625,0.00717617804184556,0.992202877998352,0.3006260140100494,,,14.0,,0.0,0.0,1.0,0.9756714608001426,0.017766333010513335,vcaa-v5-lineage-content-admission-runtime-age,fail_closed,fedagg-results-v3,2,13.0,99131.135983833,99131.144790875,99131.153750166,,1.0,,1.0,1.0,1.0,0.9756714608001426,0.2526776874847951,0.28222129624954084,1.0,1.0,,,historical_median_minus_mad_floor,4.0,0.6111009346300172,0.008807042002445087,0.008959291008068249,0.007827678695321083,4.936988113921312,vcaa,badnets,0.41877951472997665,0.10895931196960676,-1.0843818539610925,0.2091285178404881,0.8365140713619524,robust_relative_sigmoid,1.0,1.0,0.5,2.0,runtime-calibrated
3ef75fdf27cb,cifar10,0,14,server-client,4,dirichlet,vcaa,3,True,0.7126666562218551,1.0,0.009055250004166737,14.0,13.0,0.1015625,2.3025853633880615,0.0012872724328190088,10.0,0.1015625,0.37322670221328735,0.9995597004890442,0.3939778506755829,,,14.0,,0.0,0.0,1.0,0.9875252212572849,0.009055250004166737,vcaa-v5-lineage-content-admission-runtime-age,fail_closed,fedagg-results-v3,2,13.0,99131.144694916,99131.1448025,99131.153750166,,1.0,,1.0,1.0,1.0,0.9875252212572849,0.44333864266172585,0.28222129624954084,1.0,1.0,,,historical_median_minus_mad_floor,4.0,0.7126666562218551,0.00010758399730548263,0.008947666006861255,0.00044039334170520306,0.9855692731618884,vcaa,badnets,0.41877951472997665,0.10895931196960676,-0.22762317057684775,0.2438859328864336,0.9755437315457344,robust_relative_sigmoid,1.0,1.0,0.5,2.0,runtime-calibrated
3ef75fdf27cb,cifar10,0,15,server-client,4,dirichlet,vcaa,0,True,0.8403729032532207,1.0,0.03460025000094902,15.0,14.0,0.1171875,2.2959394454956055,0.007599255535751581,10.0,0.1171875,1.0,0.9994120597839355,0.5584467649459839,,,15.0,,0.0,0.0,1.0,0.9531660688647613,0.03460025000094902,vcaa-v5-lineage-content-admission-runtime-age,fail_closed,fedagg-results-v3,2,14.0,99132.876567291,99132.902869,99132.911167541,,1.0,,1.0,1.0,1.0,0.9531660688647613,0.7633294568576506,0.28222129624954084,1.0,1.0,,,historical_median_minus_mad_floor,4.0,0.8403729032532207,0.02630170900374651,0.008298540997202508,0.0005881143733859062,0.0,vcaa,badnets,0.4393514357507229,0.10170215809818994,1.171020668807033,0.29045449979049937,1.1618179991619975,robust_relative_sigmoid,1.0,1.0,0.5,2.0,runtime-calibrated
3ef75fdf27cb,cifar10,0,15,server-client,4,dirichlet,vcaa,1,True,0.718368741725655,1.0,0.0260060829896247,15.0,14.0,0.1328125,2.3006246089935303,0.002242035698145628,10.0,0.1328125,0.4753664433956146,0.9992930889129639,0.4350711330771446,,,15.0,,0.0,0.0,1.0,0.9645900503411524,0.0260060829896247,vcaa-v5-lineage-content-admission-runtime-age,fail_closed,fedagg-results-v3,2,14.0,99132.885161458,99132.902885625,99132.911167541,,1.0,,1.0,1.0,1.0,0.9645900503411524,0.48947989142451787,0.28222129624954084,1.0,1.0,,,historical_median_minus_mad_floor,4.0,0.718368741725655,0.01772416698804591,0.008281916001578793,0.0007071339641697705,0.7436692989100921,vcaa,badnets,0.4393514357507229,0.10170215809818994,-0.04208664549129604,0.24828672216265427,0.9931468886506171,robust_relative_sigmoid,1.0,1.0,0.5,2.0,runtime-calibrated
3ef75fdf27cb,cifar10,0,15,server-client,4,dirichlet,vcaa,2,True,0.5880073895959887,1.0,0.017090832989197224,15.0,14.0,0.1015625,2.265667200088501,0.03906774893403053,10.0,0.1015625,0.008188124746084213,0.9927588105201721,0.3010179838165641,,,15.0,,0.0,0.0,1.0,0.9765855483359971,0.017090832989197224,vcaa-v5-lineage-content-admission-runtime-age,fail_closed,fedagg-results-v3,2,14.0,99132.894076708,99132.902898041,99132.911167541,,1.0,,1.0,1.0,1.0,0.9765855483359971,0.20421071271819208,0.28222129624954084,1.0,1.0,,,historical_median_minus_mad_floor,4.0,0.5880073895959887,0.008821332987281494,0.00826950000191573,0.007267508190125227,4.805070202631587,vcaa,badnets,0.4393514357507229,0.10170215809818994,-1.3601820700855,0.20323048441598554,0.8129219376639422,robust_relative_sigmoid,1.0,1.0,0.5,2.0,runtime-calibrated
3ef75fdf27cb,cifar10,0,15,server-client,4,dirichlet,vcaa,3,True,0.7465540606065478,1.0,0.008363374989130534,15.0,14.0,0.1328125,2.3001887798309326,0.0036631557159125805,10.0,0.1328125,0.5094157457351685,0.9994862079620361,0.44363173842430115,,,15.0,,0.0,0.0,1.0,0.9884728529838593,0.008363374989130534,vcaa-v5-lineage-content-admission-runtime-age,fail_closed,fedagg-results-v3,2,14.0,99132.902804166,99132.902909625,99132.911167541,,1.0,,1.0,1.0,1.0,0.9884728529838593,0.5105201085754821,0.28222129624954084,1.0,1.0,,,historical_median_minus_mad_floor,4.0,0.7465540606065478,0.00010545899567659944,0.008257915993453935,0.0005139379063621163,0.6744907594765952,vcaa,badnets,0.4393514357507229,0.10170215809818994,0.04208664549129604,0.25802829363086077,1.032113174523443,robust_relative_sigmoid,1.0,1.0,0.5,2.0,runtime-calibrated
3ef75fdf27cb,cifar10,0,16,server-client,4,dirichlet,vcaa,0,True,0.8342506110719745,1.0,0.03587483399314806,16.0,15.0,0.1015625,2.2858128547668457,0.019983381032943726,10.0,0.1015625,1.0,0.9981819987297058,0.5503267496824265,,,16.0,,0.0,0.0,1.0,0.9514833604801212,0.03587483399314806,vcaa-v5-lineage-content-admission-runtime-age,fail_closed,fedagg-results-v3,3,15.0,99134.592658416,99134.619841375,99134.62853325,,1.0,,1.0,1.0,1.0,0.9514833604801212,0.7535789814569315,0.2750433548407629,1.0,1.0,,,historical_median_minus_mad_floor,8.0,0.8342506110719745,0.027182958991033956,0.008691875002114102,0.0018196653109043837,0.0,vcaa,badnets,0.43540024012327194,0.10281562094092368,1.1177923014751772,0.2889537541169932,1.1558150164679728,robust_relative_sigmoid,1.0,1.0,0.5,2.0,runtime-calibrated
3ef75fdf27cb,cifar10,0,16,server-client,4,dirichlet,vcaa,1,True,0.6947051286693522,1.0,0.027028708995203488,16.0,15.0,0.109375,2.2994656562805176,0.004469051957130432,10.0,0.109375,0.4298437237739563,0.9979277849197388,0.41163037717342377,,,16.0,,0.0,0.0,1.0,0.9632235578090836,0.027028708995203488,vcaa-v5-lineage-content-admission-runtime-age,fail_closed,fedagg-results-v3,3,15.0,99134.601504541,99134.619857791,99134.62853325,,1.0,,1.0,1.0,1.0,0.9632235578090836,0.4424587584828293,0.2750433548407629,1.0,1.0,,,historical_median_minus_mad_floor,8.0,0.6947051286693522,0.01835324999410659,0.008675459001096897,0.002074385527521372,0.8443335632455514,vcaa,badnets,0.43540024012327194,0.10281562094092368,-0.23118921747801321,0.24062032711657144,0.9624813084662858,robust_relative_sigmoid,1.0,1.0,0.5,2.0,runtime-calibrated
3ef75fdf27cb,cifar10,0,16,server-client,4,dirichlet,vcaa,2,True,0.5888097959572519,1.0,0.017494083993369713,16.0,15.0,0.1015625,2.189237356185913,0.10150935500860214,10.0,0.1015625,0.0025477560702711344,0.9823769330978394,0.2970124222920276,,,16.0,,0.0,0.0,1.0,0.9760397655643228,0.017494083993369713,vcaa-v5-lineage-content-admission-runtime-age,fail_closed,fedagg-results-v3,3,15.0,99134.611039166,99134.619869958,99134.62853325,,1.0,,1.0,1.0,1.0,0.9760397655643228,0.20652829265991263,0.2750433548407629,1.0,1.0,,,historical_median_minus_mad_floor,8.0,0.5888097959572519,0.008830791994114406,0.008663291999255307,0.017780229449272156,5.9725423208854735,vcaa,badnets,0.43540024012327194,0.10281562094092368,-1.3459804703291136,0.20394207537239678,0.8157683014895871,robust_relative_sigmoid,1.0,1.0,0.5,2.0,runtime-calibrated
3ef75fdf27cb,cifar10,0,16,server-client,4,dirichlet,vcaa,3,True,0.7693767809719237,1.0,0.008754084003157914,16.0,15.0,0.1640625,2.2967193126678467,0.008853361010551453,10.0,0.1640625,0.5094157457351685,0.999139666557312,0.4591701030731201,,,16.0,,0.0,0.0,1.0,0.9879376037869646,0.008754084003157914,vcaa-v5-lineage-content-admission-runtime-age,fail_closed,fedagg-results-v3,3,15.0,99134.619779166,99134.619881333,99134.62853325,,1.0,,1.0,1.0,1.0,0.9879376037869646,0.5575412415171708,0.2750433548407629,1.0,1.0,,,historical_median_minus_mad_floor,8.0,0.7693767809719237,0.00010216700320597738,0.008651916999951936,0.0008607102790847421,0.6744907594765952,vcaa,badnets,0.43540024012327194,0.10281562094092368,0.23118921747801321,0.2664838433940385,1.065935373576154,robust_relative_sigmoid,1.0,1.0,0.5,2.0,runtime-calibrated
3ef75fdf27cb,cifar10,0,17,server-client,4,dirichlet,vcaa,0,True,0.8496275050914872,1.0,0.037700250002671964,17.0,16.0,0.15625,2.2721433639526367,0.03637260943651199,10.0,0.15625,1.0,0.9973189830780029,0.5774547457695007,,,17.0,,0.0,0.0,1.0,0.9490786149813247,0.037700250002671964,vcaa-v5-lineage-content-admission-runtime-age,fail_closed,fedagg-results-v3,4,16.0,99136.301582083,99136.33027025,99136.339282333,,1.0,,1.0,1.0,1.0,0.9490786149813247,0.7904259809040277,0.28106272215563805,1.0,1.0,,,historical_median_minus_mad_floor,12.0,0.8496275050914872,0.028688166989013553,0.009012083013658412,0.0026846081018447876,0.0,vcaa,badnets,0.4354085884988308,0.10700315590314566,1.327495026401311,0.2926947364556603,1.1707789458226412,robust_relative_sigmoid,1.0,1.0,0.5,2.0,runtime-calibrated
3ef75fdf27cb,cifar10,0,17,server-client,4,dirichlet,vcaa,1,True,0.713764956532162,1.0,0.026739083012216724,17.0,16.0,0.15625,2.296586036682129,0.008526500314474106,10.0,0.15625,0.4014780819416046,0.9958641529083252,0.42746055871248245,,,17.0,,0.0,0.0,1.0,0.9636103763319969,0.026739083012216724,vcaa-v5-lineage-content-admission-runtime-age,fail_closed,fedagg-results-v3,4,16.0,99136.31254325,99136.330286291,99136.339282333,,1.0,,1.0,1.0,1.0,0.9636103763319969,0.4814389177690746,0.28106272215563805,1.0,1.0,,,historical_median_minus_mad_floor,12.0,0.713764956532162,0.017743041011272,0.008996042000944726,0.004144396632909775,0.9126023499959159,vcaa,badnets,0.4354085884988308,0.10700315590314566,-0.07427846140858252,0.24589039854703287,0.9835615941881315,robust_relative_sigmoid,1.0,1.0,0.5,2.0,runtime-calibrated
3ef75fdf27cb,cifar10,0,17,server-client,4,dirichlet,vcaa,2,True,0.589596059373821,1.0,0.017727750004269183,17.0,16.0,0.1015625,2.056042194366455,0.20014716684818268,10.0,0.1015625,0.00031326909083873034,0.9673111438751221,0.2926873532414902,,,17.0,,0.0,0.0,1.0,0.9757236483294045,0.017727750004269183,vcaa-v5-lineage-content-admission-runtime-age,fail_closed,fedagg-results-v3,4,16.0,99136.321554583,99136.330298708,99136.339282333,,1.0,,1.0,1.0,1.0,0.9757236483294045,0.20853083838503678,0.28106272215563805,1.0,1.0,,,historical_median_minus_mad_floor,12.0,0.589596059373821,0.008744124992517754,0.008983625011751428,0.0332350879907608,8.068448053279342,vcaa,badnets,0.4354085884988308,0.10700315590314566,-1.3338039803847028,0.2031144968584015,0.812457987433606,robust_relative_sigmoid,1.0,1.0,0.5,2.0,runtime-calibrated
3ef75fdf27cb,cifar10,0,17,server-client,4,dirichlet,vcaa,3,True,0.749788328972278,1.0,0.009074833011254668,17.0,16.0,0.1328125,2.290208578109741,0.017616860568523407,10.0,0.1328125,0.5094157457351685,0.9983857274055481,0.44335661828517914,,,17.0,,0.0,0.0,1.0,0.9874984124718386,0.009074833011254668,vcaa-v5-lineage-content-admission-runtime-age,fail_closed,fedagg-results-v3,4,16.0,99136.3302075,99136.330310708,99136.339282333,,1.0,,1.0,1.0,1.0,0.9874984124718386,0.5185610822309255,0.28106272215563805,1.0,1.0,,,historical_median_minus_mad_floor,12.0,0.749788328972278,0.00010320800356566906,0.008971625007689,0.0016155991470441222,0.6744907594765952,vcaa,badnets,0.4354085884988308,0.10700315590314566,0.07427846140858252,0.25830036813890533,1.0332014725556213,robust_relative_sigmoid,1.0,1.0,0.5,2.0,runtime-calibrated
3ef75fdf27cb,cifar10,0,18,server-client,4,dirichlet,vcaa,0,True,0.8482465903033679,1.0,0.03625091699359473,18.0,17.0,0.1015625,2.255063056945801,0.05418873950839043,10.0,0.1015625,1.0,0.9969687461853027,0.5500234365463257,,,18.0,,0.0,0.0,1.0,0.9509874227497388,0.03625091699359473,vcaa-v5-lineage-content-admission-runtime-age,fail_closed,fedagg-results-v3,5,17.0,99138.028187791,99138.055456083,99138.064438708,,1.0,,1.0,1.0,1.0,0.9509874227497388,0.7839280941291522,0.28092516208607704,1.0,1.0,,,historical_median_minus_mad_floor,16.0,0.8482465903033679,0.02726829200400971,0.00898262498958502,0.0030358871445059776,0.0,vcaa,badnets,0.40942975878715515,0.10909677796491624,1.2887060496358855,0.2904808065329143,1.1619232261316572,robust_relative_sigmoid,1.0,1.0,0.5,2.0,runtime-calibrated
3ef75fdf27cb,cifar10,0,18,server-client,4,dirichlet,vcaa,1,True,0.6939087470708455,1.0,0.027185624989215285,18.0,17.0,0.0859375,2.2905220985412598,0.01609797030687332,10.0,0.0859375,0.368632972240448,0.993951678276062,0.3836149126291275,,,18.0,,0.0,0.0,1.0,0.9630140488837747,0.027185624989215285,vcaa-v5-lineage-content-admission-runtime-age,fail_closed,fedagg-results-v3,5,17.0,99138.037253083,99138.055472166,99138.064438708,,1.0,,1.0,1.0,1.0,0.9630140488837747,0.44111863762559234,0.28092516208607704,1.0,1.0,,,historical_median_minus_mad_floor,16.0,0.6939087470708455,0.018219082994619384,0.0089665419945959,0.006066685542464256,0.9979537673489465,vcaa,badnets,0.40942975878715515,0.10909677796491624,-0.23662335991562727,0.2376280374287087,0.9505121497148348,robust_relative_sigmoid,1.0,1.0,0.5,2.0,runtime-calibrated
3ef75fdf27cb,cifar10,0,18,server-client,4,dirichlet,vcaa,2,True,0.6082688156700752,1.0,0.018089832999976352,18.0,17.0,0.1015625,1.8776981830596924,0.32967817783355713,10.0,0.1015625,2.4410463083768263e-05,0.9491508603096008,0.28807506769317115,,,18.0,,0.0,0.0,1.0,0.9752340032165314,0.018089832999976352,vcaa-v5-lineage-content-admission-runtime-age,fail_closed,fedagg-results-v3,5,17.0,99138.046348875,99138.055485,99138.064438708,,1.0,,1.0,1.0,1.0,0.9752340032165314,0.24743151625942875,0.28092516208607704,1.0,1.0,,,historical_median_minus_mad_floor,16.0,0.6082688156700752,0.009136125008808449,0.008953707991167903,0.05218753591179848,10.62049848544214,vcaa,badnets,0.40942975878715515,0.10909677796491624,-1.112358159037563,0.20830076794234123,0.8332030717693649,robust_relative_sigmoid,1.0,1.0,0.5,2.0,runtime-calibrated
3ef75fdf27cb,cifar10,0,18,server-client,4,dirichlet,vcaa,3,True,0.7697226216351369,1.0,0.00905029199202545,18.0,17.0,0.1171875,2.27902889251709,0.030692366883158684,10.0,0.1171875,0.5094157457351685,0.9971876740455627,0.4352446049451828,,,18.0,,0.0,0.0,1.0,0.987532008802434,0.00905029199202545,vcaa-v5-lineage-content-admission-runtime-age,fail_closed,fedagg-results-v3,5,17.0,99138.055388416,99138.055496791,99138.064438708,,1.0,,1.0,1.0,1.0,0.987532008802434,0.5588813623744077,0.28092516208607704,1.0,1.0,,,historical_median_minus_mad_floor,16.0,0.7697226216351369,0.00010837499576155096,0.008941916996263899,0.0028162687085568905,0.6744907594765952,vcaa,badnets,0.40942975878715515,0.10909677796491624,0.23662335991562727,0.2635903880960358,1.0543615523841432,robust_relative_sigmoid,1.0,1.0,0.5,2.0,runtime-calibrated
3ef75fdf27cb,cifar10,0,19,server-client,4,dirichlet,vcaa,0,True,0.8536230193653702,1.0,0.03826370900787879,19.0,18.0,0.1015625,2.2258517742156982,0.08048681914806366,10.0,0.1015625,1.0,0.9967526197433472,0.5499694049358368,,,19.0,,0.0,0.0,1.0,0.9483375601181527,0.03826370900787879,vcaa-v5-lineage-content-admission-runtime-age,fail_closed,fedagg-results-v3,5,18.0,99139.753004416,99139.780819916,99139.791268125,,1.0,,1.0,1.0,1.0,0.9483375601181527,0.8002514194608465,0.27709400144387036,1.0,1.0,,,historical_median_minus_mad_floor,20.0,0.8536230193653702,0.0278155000123661,0.010448208995512687,0.003252672962844372,0.0,vcaa,badnets,0.3996461369097233,0.10831248597908628,1.3878664741859859,0.2915522037447219,1.1662088149788876,robust_relative_sigmoid,1.0,1.0,0.5,2.0,runtime-calibrated
3ef75fdf27cb,cifar10,0,19,server-client,4,dirichlet,vcaa,1,True,0.6863472403181583,1.0,0.028352959008770995,19.0,18.0,0.1015625,2.276989698410034,0.030660875141620636,10.0,0.1015625,0.2773611843585968,0.9919594526290894,0.36811140924692154,,,19.0,,0.0,0.0,1.0,0.9614568938044848,0.028352959008770995,vcaa-v5-lineage-content-admission-runtime-age,fail_closed,fedagg-results-v3,5,18.0,99139.762915166,99139.780837,99139.791268125,,1.0,,1.0,1.0,1.0,0.9614568938044848,0.42772337426856927,0.27709400144387036,1.0,1.0,,,historical_median_minus_mad_floor,20.0,0.6863472403181583,0.017921834005392157,0.010431125003378838,0.008073057048022747,1.2824346817950338,vcaa,badnets,0.3996461369097233,0.10831248597908628,-0.2911458210726572,0.23441969805082932,0.9376787922033173,robust_relative_sigmoid,1.0,1.0,0.5,2.0,runtime-calibrated
3ef75fdf27cb,cifar10,0,19,server-client,4,dirichlet,vcaa,2,True,0.6131334933746224,1.0,0.01934416699805297,19.0,18.0,0.1015625,1.7224948406219482,0.4453684389591217,10.0,0.1015625,3.2948062198556727e-06,0.9413809776306152,0.2861273181092088,,,19.0,,0.0,0.0,1.0,0.9735396656176857,0.01934416699805297,vcaa-v5-lineage-content-admission-runtime-age,fail_closed,fedagg-results-v3,5,18.0,99139.771923958,99139.780849166,99139.791268125,,1.0,,1.0,1.0,1.0,0.9735396656176857,0.25959632674156125,0.27709400144387036,1.0,1.0,,,historical_median_minus_mad_floor,20.0,0.6131334933746224,0.00892520799243357,0.0104189590056194,0.06040732562541962,12.623163711328806,vcaa,badnets,0.3996461369097233,0.10831248597908628,-1.0480677068240636,0.20941377766027355,0.8376551106410942,robust_relative_sigmoid,1.0,1.0,0.5,2.0,runtime-calibrated
3ef75fdf27cb,cifar10,0,19,server-client,4,dirichlet,vcaa,3,True,0.7747527625207463,1.0,0.01052358400193043,19.0,18.0,0.109375,2.2527475357055664,0.05538710951805115,10.0,0.109375,0.5094157457351685,0.9965577125549316,0.431180864572525,,,19.0,,0.0,0.0,1.0,0.9855171155525225,0.01052358400193043,vcaa-v5-lineage-content-admission-runtime-age,fail_closed,fedagg-results-v3,5,18.0,99139.780744541,99139.780863125,99139.791268125,,1.0,,1.0,1.0,1.0,0.9855171155525225,0.5722766257314307,0.27709400144387036,1.0,1.0,,,historical_median_minus_mad_floor,20.0,0.7747527625207463,0.00011858399375341833,0.010405000008177012,0.0034482532646507025,0.6744907594765952,vcaa,badnets,0.3996461369097233,0.10831248597908628,0.2911458210726572,0.2646143205441753,1.058457282176701,robust_relative_sigmoid,1.0,1.0,0.5,2.0,runtime-calibrated
3ef75fdf27cb,cifar10,0,20,server-client,4,dirichlet,vcaa,0,True,0.8607161779758483,1.0,0.036080207995837554,20.0,19.0,0.1015625,2.1788971424102783,0.11818382143974304,10.0,0.1015625,1.0,0.9964697360992432,0.5498986840248108,,,20.0,,0.0,0.0,1.0,0.9512125033330892,0.036080207995837554,vcaa-v5-lineage-content-admission-runtime-age,fail_closed,fedagg-results-v3,5,19.0,99141.48613525,99141.513268583,99141.522215458,,1.0,,1.0,1.0,1.0,0.9512125033330892,0.8097242728830037,0.298314666620642,1.0,1.0,,,historical_median_minus_mad_floor,20.0,0.8607161779758483,0.027133333001984283,0.008946874993853271,0.003536506090313196,0.0,vcaa,badnets,0.395342405885458,0.10672157821005593,1.4482195703210619,0.3701977781070456,1.110593334321137,robust_relative_sigmoid,1.0,1.0,0.5,2.0,runtime-calibrated
3ef75fdf27cb,cifar10,0,20,server-client,4,dirichlet,vcaa,1,True,0.6871732809578316,1.0,0.026708332996349782,20.0,19.0,0.1015625,2.25495982170105,0.05090143904089928,10.0,0.1015625,0.2620004117488861,0.9892762899398804,0.3636004254221916,,,20.0,,0.0,0.0,1.0,0.9636514545433933,0.026708332996349782,vcaa-v5-lineage-content-admission-runtime-age,fail_closed,fedagg-results-v3,5,19.0,99141.495507125,99141.513285916,99141.522215458,,1.0,,1.0,1.0,1.0,0.9636514545433933,0.4261863617140175,0.298314666620642,1.0,1.0,,,historical_median_minus_mad_floor,20.0,0.6871732809578316,0.01777879099245183,0.00892954200389795,0.01078161969780922,1.3394092122611694,vcaa,badnets,0.395342405885458,0.10672157821005593,-0.2974279522065338,0.2955562220096391,0.8866686660289174,robust_relative_sigmoid,1.0,1.0,0.5,2.0,runtime-calibrated
3ef75fdf27cb,cifar10,0,20,server-client,4,dirichlet,vcaa,2,False,0.0,1.0,0.018131916993297637,20.0,19.0,0.1015625,1.5512503385543823,0.5809476375579834,10.0,0.1015625,1.5848920156713575e-05,0.9336873888969421,0.2842070594542747,,,20.0,,0.0,0.0,1.0,0.9751771089416721,0.018131916993297637,vcaa-v5-lineage-content-admission-runtime-age,fail_closed,fedagg-results-v3,5,19.0,99141.504083541,99141.513298458,99141.522215458,,1.0,,1.0,1.0,1.0,0.9751771089416721,0.26088809311715977,0.298314666620642,0.0,1.0,below_historical_threshold,below_historical_threshold,historical_median_minus_mad_floor,20.0,0.0,0.009214916994096711,0.008916999999200925,0.06861359626054764,11.052409919944322,vcaa,badnets,0.395342405885458,0.10672157821005593,-1.0413577862617427,0.0,0.0,robust_relative_sigmoid,1.0,0.0,0.5,2.0,runtime-calibrated
3ef75fdf27cb,cifar10,0,20,server-client,4,dirichlet,vcaa,3,True,0.7771276775197037,1.0,0.009020582991070114,20.0,19.0,0.1015625,2.21720027923584,0.08687445521354675,10.0,0.1015625,0.5094157457351685,0.995796799659729,0.42708438634872437,,,20.0,,0.0,0.0,1.0,0.9875726815610292,0.009020582991070114,vcaa-v5-lineage-content-admission-runtime-age,fail_closed,fedagg-results-v3,5,19.0,99141.513194875,99141.513309916,99141.522215458,,1.0,,1.0,1.0,1.0,0.9875726815610292,0.5738136382859824,0.298314666620642,1.0,1.0,,,historical_median_minus_mad_floor,20.0,0.7771276775197037,0.00011504099529702216,0.008905541995773092,0.0042120469734072685,0.6744907594765952,vcaa,badnets,0.395342405885458,0.10672157821005593,0.2974279522065338,0.33424599988331527,1.0027379996499457,robust_relative_sigmoid,1.0,1.0,0.5,2.0,runtime-calibrated
3ef75fdf27cb,cifar10,0,21,server-client,4,dirichlet,vcaa,0,True,0.8584254727319058,1.0,0.034876624995376915,21.0,20.0,0.1015625,2.098116397857666,0.1786191165447235,10.0,0.1015625,1.0,0.9959757924079895,0.5497751981019974,,,21.0,,0.0,0.0,1.0,0.9528009455354288,0.034876624995376915,vcaa-v5-lineage-content-admission-runtime-age,fail_closed,fedagg-results-v3,5,20.0,99143.228187083,99143.254685166,99143.263063708,,1.0,,1.0,1.0,1.0,0.9528009455354288,0.8018988682877756,0.33278152509629727,1.0,1.0,,,historical_median_minus_mad_floor,19.0,0.8584254727319058,0.026498082996113226,0.008378541999263689,0.004032301250845194,0.0,vcaa,badnets,0.40212778002023697,0.10559784553106345,1.3982048340022935,0.36938818858249994,1.1081645657474999,robust_relative_sigmoid,1.0,1.0,0.5,2.0,runtime-calibrated
3ef75fdf27cb,cifar10,0,21,server-client,4,dirichlet,vcaa,1,True,0.6958248070557832,1.0,0.025915207996149547,21.0,20.0,0.1015625,2.222217559814453,0.07956960797309875,10.0,0.1015625,0.3213895559310913,0.9865092039108276,0.37775593996047974,,,21.0,,0.0,0.0,1.0,0.9647115765594836,0.025915207996149547,vcaa-v5-lineage-content-admission-runtime-age,fail_closed,fedagg-results-v3,5,20.0,99143.2371485,99143.254702,99143.263063708,,1.0,,1.0,1.0,1.0,0.9647115765594836,0.4425551096574388,0.33278152509629727,1.0,1.0,,,historical_median_minus_mad_floor,19.0,0.6958248070557832,0.017553500001668,0.008361707994481549,0.013582609593868256,1.1351013622501225,vcaa,badnets,0.40212778002023697,0.10559784553106345,-0.23079864875261902,0.299419662176516,0.898258986529548,robust_relative_sigmoid,1.0,1.0,0.5,2.0,runtime-calibrated
3ef75fdf27cb,cifar10,0,21,server-client,4,dirichlet,vcaa,2,False,0.0,1.0,0.017191749997437,21.0,20.0,0.1015625,1.4764142036437988,0.6422537565231323,10.0,0.1015625,0.0033916134852916002,0.9400997161865234,0.28665408241795376,,,21.0,,0.0,0.0,1.0,0.9764489329107485,0.017191749997437,vcaa-v5-lineage-content-admission-runtime-age,fail_closed,fedagg-results-v3,5,20.0,99143.245871958,99143.25471425,99143.263063708,,1.0,,1.0,1.0,1.0,0.9764489329107485,0.2509554111276512,0.33278152509629727,0.0,1.0,below_historical_threshold,below_historical_threshold,historical_median_minus_mad_floor,19.0,0.0,0.008842291994369589,0.008349458003067411,0.061769306659698486,5.686449638656718,vcaa,badnets,0.40212778002023697,0.10559784553106345,-1.0935232345087438,0.0,0.0,robust_relative_sigmoid,1.0,0.0,0.5,2.0,runtime-calibrated
3ef75fdf27cb,cifar10,0,21,server-client,4,dirichlet,vcaa,3,True,0.7696612562742801,1.0,0.00844279199372977,21.0,20.0,0.1015625,2.171858787536621,0.12947501242160797,10.0,0.1015625,0.5094157457351685,0.9934577345848083,0.4264996200799942,,,21.0,,0.0,0.0,1.0,0.9883640327138541,0.00844279199372977,vcaa-v5-lineage-content-admission-runtime-age,fail_closed,fedagg-results-v3,5,20.0,99143.254620916,99143.254726291,99143.263063708,,1.0,,1.0,1.0,1.0,0.9883640327138541,0.5574448903425612,0.33278152509629727,1.0,1.0,,,historical_median_minus_mad_floor,19.0,0.7696612562742801,0.00010537498746998608,0.008337417006259784,0.006563754286617041,0.6744907594765952,vcaa,badnets,0.40212778002023697,0.10559784553106345,0.23079864875261902,0.331192149240984,0.9935764477229521,robust_relative_sigmoid,1.0,1.0,0.5,2.0,runtime-calibrated
3ef75fdf27cb,cifar10,0,22,server-client,4,dirichlet,vcaa,0,True,0.8675228030356907,1.0,0.03461579199938569,22.0,21.0,0.1015625,2.014068126678467,0.23967345058918,10.0,0.1015625,1.0,0.9957497119903564,0.5497186779975891,,,22.0,,0.0,0.0,1.0,0.9531455323750075,0.03461579199938569,vcaa-v5-lineage-content-admission-runtime-age,fail_closed,fedagg-results-v3,5,21.0,99144.952391541,99144.978662208,99144.987007333,,1.0,,1.0,1.0,1.0,0.9531455323750075,0.8203365038579875,0.3362162877969444,1.0,1.0,,,historical_median_minus_mad_floor,18.0,0.8675228030356907,0.02627066700370051,0.008345124995685183,0.004259359557181597,0.0,vcaa,badnets,0.39395077154040337,0.1025714031234127,1.5186289912576085,0.37179301375883744,1.1153790412765123,robust_relative_sigmoid,1.0,1.0,0.5,2.0,runtime-calibrated
3ef75fdf27cb,cifar10,0,22,server-client,4,dirichlet,vcaa,1,True,0.6906112295606671,1.0,0.025738416996318847,22.0,21.0,0.1015625,2.1880738735198975,0.10915082693099976,10.0,0.1015625,0.27568909525871277,0.9836848974227905,0.3656247481703758,,,22.0,,0.0,0.0,1.0,0.9649480412604708,0.025738416996318847,vcaa-v5-lineage-content-admission-runtime-age,fail_closed,fedagg-results-v3,5,21.0,99144.961268916,99144.978678583,99144.987007333,,1.0,,1.0,1.0,1.0,0.9649480412604708,0.4313956814888207,0.3362162877969444,1.0,1.0,,,historical_median_minus_mad_floor,18.0,0.6906112295606671,0.017409666994353756,0.00832875000196509,0.016449635848402977,1.2884814186092484,vcaa,badnets,0.39395077154040337,0.1025714031234127,-0.2761590707299383,0.29597427234831225,0.8879228170449367,robust_relative_sigmoid,1.0,1.0,0.5,2.0,runtime-calibrated
3ef75fdf27cb,cifar10,0,22,server-client,4,dirichlet,vcaa,2,False,0.0,1.0,0.017097957999794744,22.0,21.0,0.1015625,1.412043571472168,0.696985125541687,10.0,0.1015625,0.011586852371692657,0.9476740956306458,0.2905964870005846,,,22.0,,0.0,0.0,1.0,0.9765759022946371,0.017097957999794744,vcaa-v5-lineage-content-admission-runtime-age,fail_closed,fedagg-results-v3,5,21.0,99144.969909375,99144.978690791,99144.987007333,,1.0,,1.0,1.0,1.0,0.9765759022946371,0.26744341995343607,0.3362162877969444,0.0,1.0,below_historical_threshold,below_historical_threshold,historical_median_minus_mad_floor,18.0,0.0,0.008781416006968357,0.008316541992826387,0.0537445992231369,4.457884104464075,vcaa,badnets,0.39395077154040337,0.1025714031234127,-1.0076325505215533,0.0,0.0,robust_relative_sigmoid,1.0,0.0,0.5,2.0,runtime-calibrated
3ef75fdf27cb,cifar10,0,22,server-client,4,dirichlet,vcaa,3,True,0.7752148226309405,1.0,0.008406707987887785,22.0,21.0,0.09375,2.105156183242798,0.18734432756900787,10.0,0.09375,0.5094157457351685,0.9921914339065552,0.4222767949104309,,,22.0,,0.0,0.0,1.0,0.9884134749376768,0.008406707987887785,vcaa-v5-lineage-content-admission-runtime-age,fail_closed,fedagg-results-v3,5,21.0,99144.978600625,99144.9787025,99144.987007333,,1.0,,1.0,1.0,1.0,0.9884134749376768,0.5686043185111793,0.3362162877969444,1.0,1.0,,,historical_median_minus_mad_floor,18.0,0.7752148226309405,0.00010187498992308974,0.008304832997964695,0.007839187048375607,0.6744907594765952,vcaa,badnets,0.39395077154040337,0.1025714031234127,0.2761590707299383,0.33223271389285014,0.9966981416785504,robust_relative_sigmoid,1.0,1.0,0.5,2.0,runtime-calibrated
3ef75fdf27cb,cifar10,0,23,server-client,4,dirichlet,vcaa,0,True,0.86119150242126,1.0,0.0368670000025304,23.0,22.0,0.1015625,1.9385342597961426,0.2940219044685364,10.0,0.1015625,1.0,0.9958490133285522,0.5497435033321381,,,23.0,,0.0,0.0,1.0,0.9501755573832661,0.0368670000025304,vcaa-v5-lineage-content-admission-runtime-age,fail_closed,fedagg-results-v3,5,22.0,99146.681337791,99146.709267291,99146.718204791,,1.0,,1.0,1.0,1.0,0.9501755573832661,0.8126997600168465,0.336246534986794,1.0,1.0,,,historical_median_minus_mad_floor,17.0,0.86119150242126,0.027929499992751516,0.008937500009778887,0.004159655887633562,0.0,vcaa,badnets,0.4116818234324455,0.09406996757830494,1.4676488517418524,0.37039874022991787,1.1111962206897537,robust_relative_sigmoid,1.0,1.0,0.5,2.0,runtime-calibrated
3ef75fdf27cb,cifar10,0,23,server-client,4,dirichlet,vcaa,1,True,0.7046565471115602,1.0,0.02674275000754278,23.0,22.0,0.1015625,2.143463373184204,0.14570634067058563,10.0,0.1015625,0.4052281379699707,0.9818889498710632,0.3975605219602585,,,23.0,,0.0,0.0,1.0,0.9636054777974286,0.02674275000754278,vcaa-v5-lineage-content-admission-runtime-age,fail_closed,fedagg-results-v3,5,22.0,99146.691462041,99146.709284291,99146.718204791,,1.0,,1.0,1.0,1.0,0.9636054777974286,0.4625415968415548,0.336246534986794,1.0,1.0,,,historical_median_minus_mad_floor,17.0,0.7046565471115602,0.01782225001079496,0.008920499996747822,0.018277086317539215,0.9033050615553487,vcaa,badnets,0.4116818234324455,0.09406996757830494,-0.1501148755093628,0.303073005958683,0.9092190178760489,robust_relative_sigmoid,1.0,1.0,0.5,2.0,runtime-calibrated
3ef75fdf27cb,cifar10,0,23,server-client,4,dirichlet,vcaa,2,False,0.0,1.0,0.017739415998221375,23.0,22.0,0.1015625,1.2640012502670288,0.8293361067771912,10.0,0.1015625,0.051135946065187454,0.9416340589523315,0.29897375125437975,,,23.0,,0.0,0.0,1.0,0.9757078685647081,0.017739415998221375,vcaa-v5-lineage-content-admission-runtime-age,fail_closed,fedagg-results-v3,5,22.0,99146.700465375,99146.709296875,99146.718204791,,1.0,,1.0,1.0,1.0,0.9757078685647081,0.23180800463471432,0.336246534986794,0.0,1.0,below_historical_threshold,below_historical_threshold,historical_median_minus_mad_floor,17.0,0.0,0.008831499988446012,0.008907916009775363,0.060138579457998276,2.973267544177581,vcaa,badnets,0.4116818234324455,0.09406996757830494,-1.1981302330549468,0.0,0.0,robust_relative_sigmoid,1.0,0.0,0.5,2.0,runtime-calibrated
3ef75fdf27cb,cifar10,0,23,server-client,4,dirichlet,vcaa,3,True,0.7591909122268556,1.0,0.009006374995806254,23.0,22.0,0.1015625,2.091553211212158,0.20087215304374695,10.0,0.1015625,0.5094157457351685,0.9906717538833618,0.42580312490463257,,,23.0,,0.0,0.0,1.0,0.9875921334420856,0.009006374995806254,vcaa-v5-lineage-content-admission-runtime-age,fail_closed,fedagg-results-v3,5,22.0,99146.709198416,99146.709308416,99146.718204791,,1.0,,1.0,1.0,1.0,0.9875921334420856,0.5374584031584453,0.336246534986794,1.0,1.0,,,historical_median_minus_mad_floor,17.0,0.7591909122268556,0.00010999999358318746,0.008896375002223067,0.009372007101774216,0.6744907594765952,vcaa,badnets,0.4116818234324455,0.09406996757830494,0.1501148755093628,0.32652825381139927,0.9795847614341978,robust_relative_sigmoid,1.0,1.0,0.5,2.0,runtime-calibrated
3ef75fdf27cb,cifar10,0,24,server-client,4,dirichlet,vcaa,0,True,0.8705880351634421,1.0,0.03355408400238957,24.0,23.0,0.1015625,1.8927470445632935,0.32777875661849976,10.0,0.1015625,1.0,0.9958269000053406,0.5497379750013351,,,24.0,,0.0,0.0,1.0,0.9545494428259036,0.03355408400238957,vcaa-v5-lineage-content-admission-runtime-age,fail_closed,fedagg-results-v3,5,23.0,99148.391066166,99148.416222625,99148.42462025,,1.0,,1.0,1.0,1.0,0.9545494428259036,0.8240815951578216,0.3382579611286521,1.0,1.0,,,historical_median_minus_mad_floor,16.0,0.8705880351634421,0.0251564589998452,0.008397625002544373,0.004181847907602787,0.0,vcaa,badnets,0.417975477874279,0.08532462972365319,1.544249269569695,0.37259483824191736,1.1177845147257521,robust_relative_sigmoid,1.0,1.0,0.5,2.0,runtime-calibrated
3ef75fdf27cb,cifar10,0,24,server-client,4,dirichlet,vcaa,1,True,0.7138453777134025,1.0,0.024982917006127536,24.0,23.0,0.1015625,2.099381923675537,0.1815270185470581,10.0,0.1015625,0.4569345712661743,0.9817929863929749,0.4104631394147873,,,24.0,,0.0,0.0,1.0,0.9659592045559553,0.024982917006127536,vcaa-v5-lineage-content-admission-runtime-age,fail_closed,fedagg-results-v3,5,23.0,99148.399637333,99148.416238958,99148.42462025,,1.0,,1.0,1.0,1.0,0.9659592045559553,0.47800315861486564,0.3382579611286521,1.0,1.0,,,historical_median_minus_mad_floor,16.0,0.7138453777134025,0.016601625000475906,0.00838129200565163,0.018374793231487274,0.7832150072656135,vcaa,badnets,0.417975477874279,0.08532462972365319,-0.0880441964274848,0.3055120129108277,0.916536038732483,robust_relative_sigmoid,1.0,1.0,0.5,2.0,runtime-calibrated
3ef75fdf27cb,cifar10,0,24,server-client,4,dirichlet,vcaa,2,False,0.0,1.0,0.01670354200177826,24.0,23.0,0.1015625,1.2427740097045898,0.844615638256073,10.0,0.1015625,0.08512672781944275,0.9461051225662231,0.3085892125964165,,,24.0,,0.0,0.0,1.0,0.9771100172258744,0.01670354200177826,vcaa-v5-lineage-content-admission-runtime-age,fail_closed,fedagg-results-v3,5,23.0,99148.407916708,99148.416251208,99148.42462025,,1.0,,1.0,1.0,1.0,0.9771100172258744,0.21720979235984442,0.3382579611286521,0.0,1.0,below_historical_threshold,below_historical_threshold,historical_median_minus_mad_floor,16.0,0.0,0.008334499987540767,0.008369042014237493,0.05540161579847336,2.46361426205683,vcaa,badnets,0.417975477874279,0.08532462972365319,-1.2820010544685567,0.0,0.0,robust_relative_sigmoid,1.0,0.0,0.5,2.0,runtime-calibrated
3ef75fdf27cb,cifar10,0,24,server-client,4,dirichlet,vcaa,3,True,0.7521207897291212,1.0,0.008464542013825849,24.0,23.0,0.1015625,2.07069730758667,0.22381694614887238,10.0,0.1015625,0.5094157457351685,0.9894105195999146,0.42548781633377075,,,24.0,,0.0,0.0,1.0,0.9883342320797898,0.008464542013825849,vcaa-v5-lineage-content-admission-runtime-age,fail_closed,fedagg-results-v3,5,23.0,99148.416155708,99148.416262791,99148.42462025,,1.0,,1.0,1.0,1.0,0.9883342320797898,0.5219968413851344,0.3382579611286521,1.0,1.0,,,historical_median_minus_mad_floor,16.0,0.7521207897291212,0.00010708300396800041,0.008357459009857848,0.010645928792655468,0.6744907594765951,vcaa,badnets,0.417975477874279,0.08532462972365319,0.0880441964274848,0.32189314884725495,0.9656794465417649,robust_relative_sigmoid,1.0,1.0,0.5,2.0,runtime-calibrated
3ef75fdf27cb,cifar10,0,25,server-client,4,dirichlet,vcaa,0,True,0.890022616167273,1.0,0.03362991599715315,25.0,24.0,0.1015625,1.869631290435791,0.3425867557525635,10.0,0.1015625,1.0,0.9960406422615051,0.5497914105653763,,,25.0,,0.0,0.0,1.0,0.9544491006445583,0.03362991599715315,vcaa-v5-lineage-content-admission-runtime-age,fail_closed,fedagg-results-v3,5,24.0,99150.087946125,99150.113173625,99150.121576041,,1.0,,1.0,1.0,1.0,0.9544491006445583,0.8649975479388541,0.3545683685064316,1.0,1.0,,,historical_median_minus_mad_floor,15.0,0.890022616167273,0.025227499994798563,0.008402416002354585,0.0039672148413956165,0.0,vcaa,badnets,0.404670387506485,0.0781298523209989,1.8574337304857191,0.3777068509034791,1.1331205527104373,robust_relative_sigmoid,1.0,1.0,0.5,2.0,runtime-calibrated
3ef75fdf27cb,cifar10,0,25,server-client,4,dirichlet,vcaa,1,True,0.6916958067925011,1.0,0.025102250001509674,25.0,24.0,0.1015625,2.0734176635742188,0.20289136469364166,10.0,0.1015625,0.3522173762321472,0.9782876372337341,0.38340750336647034,,,25.0,,0.0,0.0,1.0,0.965799418505691,0.025102250001509674,vcaa-v5-lineage-content-admission-runtime-age,fail_closed,fedagg-results-v3,5,24.0,99150.096473791,99150.113190333,99150.121576041,,1.0,,1.0,1.0,1.0,0.965799418505691,0.432379836928687,0.3545683685064316,1.0,1.0,,,historical_median_minus_mad_floor,15.0,0.6916958067925011,0.016716541998903267,0.008385708002606407,0.021951548755168915,1.0435067771563153,vcaa,badnets,0.404670387506485,0.0781298523209989,-0.2721480139582939,0.29354113055216496,0.880623391656495,robust_relative_sigmoid,1.0,1.0,0.5,2.0,runtime-calibrated
3ef75fdf27cb,cifar10,0,25,server-client,4,dirichlet,vcaa,2,False,0.0,1.0,0.016768082990893163,25.0,24.0,0.1015625,1.1722993850708008,0.9094771146774292,10.0,0.1015625,0.02813469059765339,0.9482493996620178,0.2948772725649178,,,25.0,,0.0,0.0,1.0,0.9770225963586199,0.016768082990893163,vcaa-v5-lineage-content-admission-runtime-age,fail_closed,fedagg-results-v3,5,24.0,99150.104807958,99150.113202958,99150.121576041,,1.0,,1.0,1.0,1.0,0.9770225963586199,0.1969820292559027,0.3545683685064316,0.0,1.0,below_historical_threshold,below_historical_threshold,historical_median_minus_mad_floor,15.0,0.0,0.008394999997108243,0.00837308299378492,0.05313772335648537,3.5707518514076626,vcaa,badnets,0.404670387506485,0.0781298523209989,-1.4052645906775658,0.0,0.0,robust_relative_sigmoid,1.0,0.0,0.5,2.0,runtime-calibrated
3ef75fdf27cb,cifar10,0,25,server-client,4,dirichlet,vcaa,3,True,0.7746662018844104,1.0,0.008464665996143594,25.0,24.0,0.1015625,2.001352548599243,0.27818334102630615,10.0,0.1015625,0.5094157457351685,0.9911923408508301,0.42593327164649963,,,25.0,,0.0,0.0,1.0,0.9883340622088819,0.008464665996143594,vcaa-v5-lineage-content-admission-runtime-age,fail_closed,fedagg-results-v3,5,24.0,99150.113111375,99150.1132145,99150.121576041,,1.0,,1.0,1.0,1.0,0.9883340622088819,0.567620163071313,0.3545683685064316,1.0,1.0,,,historical_median_minus_mad_floor,15.0,0.7746662018844104,0.00010312499944120646,0.008361540996702388,0.008846684359014034,0.6744907594765952,vcaa,badnets,0.404670387506485,0.0781298523209989,0.2721480139582939,0.3287520185443558,0.9862560556330675,robust_relative_sigmoid,1.0,1.0,0.5,2.0,runtime-calibrated
3ef75fdf27cb,cifar10,0,26,server-client,4,dirichlet,vcaa,0,True,0.911376841192747,1.0,0.0336821249948116,26.0,25.0,0.1015625,1.827785611152649,0.37045904994010925,10.0,0.1015625,1.0,0.9958301782608032,0.5497387945652008,,,26.0,,0.0,0.0,1.0,0.9543800229445761,0.0336821249948116,vcaa-v5-lineage-content-admission-runtime-age,fail_closed,fedagg-results-v3,5,25.0,99151.795417333,99151.820697958,99151.829099458,,1.0,,1.0,1.0,1.0,0.9543800229445761,0.9098824771726672,0.36294737641215324,1.0,1.0,,,historical_median_minus_mad_floor,15.0,0.911376841192747,0.025280624991864897,0.008401500002946705,0.00417855940759182,0.0,vcaa,badnets,0.39329981431365013,0.06765804209858178,2.31220081751124,0.5328879032519268,1.0657758065038536,robust_relative_sigmoid,1.0,1.0,0.5,2.0,runtime-calibrated
3ef75fdf27cb,cifar10,0,26,server-client,4,dirichlet,vcaa,1,False,0.0,1.0,0.025048124996828847,26.0,25.0,0.1015625,2.047337055206299,0.2220202386379242,10.0,0.1015625,0.2637646496295929,0.9777054786682129,0.36114878207445145,,,26.0,,0.0,0.0,1.0,0.9658718882345713,0.025048124996828847,vcaa-v5-lineage-content-admission-runtime-age,fail_closed,fedagg-results-v3,5,25.0,99151.804051333,99151.820714083,99151.829099458,,1.0,,1.0,1.0,1.0,0.9658718882345713,0.38338645650024383,0.36294737641215324,0.0,1.0,below_historical_threshold,below_historical_threshold,historical_median_minus_mad_floor,15.0,0.0,0.016662750000250526,0.00838537499657832,0.02254679426550865,1.3326980850489683,vcaa,badnets,0.39329981431365013,0.06765804209858178,-0.4751989747553251,0.0,0.0,robust_relative_sigmoid,1.0,0.0,0.5,2.0,runtime-calibrated
3ef75fdf27cb,cifar10,0,26,server-client,4,dirichlet,vcaa,2,False,0.0,1.0,0.01694145800138358,26.0,25.0,0.1015625,1.221816062927246,0.8534554243087769,10.0,0.1015625,0.025266073644161224,0.9592893719673157,0.2969201114028692,,,26.0,,0.0,0.0,1.0,0.9767877983684343,0.01694145800138358,vcaa-v5-lineage-content-admission-runtime-age,fail_closed,fedagg-results-v3,5,25.0,99151.812158,99151.82072625,99151.829099458,,1.0,,1.0,1.0,1.0,0.9767877983684343,0.19395519547612494,0.36294737641215324,0.0,1.0,below_historical_threshold,below_historical_threshold,historical_median_minus_mad_floor,15.0,0.0,0.008568249992094934,0.008373208009288646,0.041562534868717194,3.67829262066089,vcaa,badnets,0.39329981431365013,0.06765804209858178,-1.4245121484649224,0.0,0.0,robust_relative_sigmoid,1.0,0.0,0.5,2.0,runtime-calibrated
3ef75fdf27cb,cifar10,0,26,server-client,4,dirichlet,vcaa,3,True,0.798883113351364,1.0,0.00845925000612624,26.0,25.0,0.1015625,1.9389026165008545,0.3337230086326599,10.0,0.1015625,0.5094157457351685,0.9892626404762268,0.4254508465528488,,,26.0,,0.0,0.0,1.0,0.9883414828034744,0.00845925000612624,vcaa-v5-lineage-content-admission-runtime-age,fail_closed,fedagg-results-v3,5,25.0,99151.820640208,99151.820737833,99151.829099458,,1.0,,1.0,1.0,1.0,0.9883414828034744,0.6166135434997561,0.36294737641215324,1.0,1.0,,,historical_median_minus_mad_floor,15.0,0.798883113351364,9.76250012172386e-05,0.008361625004909001,0.010795394890010357,0.6744907594765952,vcaa,badnets,0.39329981431365013,0.06765804209858178,0.4751989747553251,0.46711209674807314,0.9342241934961463,robust_relative_sigmoid,1.0,1.0,0.5,2.0,runtime-calibrated
3ef75fdf27cb,cifar10,0,27,server-client,4,dirichlet,vcaa,0,True,0.9004711258783772,1.0,0.03486075000546407,27.0,26.0,0.1015625,1.7862650156021118,0.3950346112251282,10.0,0.1015625,1.0,0.9956638813018799,0.54969722032547,,,27.0,,0.0,0.0,1.0,0.9528219144462667,0.03486075000546407,vcaa-v5-lineage-content-admission-runtime-age,fail_closed,fedagg-results-v3,5,26.0,99153.490405166,99153.516764708,99153.525265916,,1.0,,1.0,1.0,1.0,0.9528219144462667,0.8901142222399171,0.37351509305387737,1.0,1.0,,,historical_median_minus_mad_floor,14.0,0.9004711258783772,0.026359541996498592,0.008501208008965477,0.004345571156591177,0.0,vcaa,badnets,0.39589904248714447,0.07352051427438855,2.091908351787772,0.5329972604582527,1.0659945209165054,robust_relative_sigmoid,1.0,1.0,0.5,2.0,runtime-calibrated
3ef75fdf27cb,cifar10,0,27,server-client,4,dirichlet,vcaa,1,False,0.0,1.0,0.026195915997959673,27.0,26.0,0.1015625,2.019012689590454,0.24397329986095428,10.0,0.1015625,0.2882288098335266,0.9769197106361389,0.3670683801174164,,,27.0,,0.0,0.0,1.0,0.9643362379499878,0.026195915997959673,vcaa-v5-lineage-content-admission-runtime-age,fail_closed,fedagg-results-v3,5,26.0,99153.49907,99153.516782083,99153.525265916,,1.0,,1.0,1.0,1.0,0.9643362379499878,0.40320117237838965,0.37351509305387737,0.0,1.0,below_historical_threshold,below_historical_threshold,historical_median_minus_mad_floor,14.0,0.0,0.01771208299032878,0.008483833007630892,0.023350831121206284,1.2440006149971419,vcaa,badnets,0.39589904248714447,0.07352051427438855,-0.3921444600091906,0.0,0.0,robust_relative_sigmoid,1.0,0.0,0.5,2.0,runtime-calibrated
3ef75fdf27cb,cifar10,0,27,server-client,4,dirichlet,vcaa,2,False,0.0,1.0,0.016983291003271006,27.0,26.0,0.1015625,1.1734238862991333,0.8937181234359741,10.0,0.1015625,0.03779637813568115,0.9605391621589661,0.3003651350736618,,,27.0,,0.0,0.0,1.0,0.9767311532981644,0.016983291003271006,vcaa-v5-lineage-content-admission-runtime-age,fail_closed,fedagg-results-v3,5,26.0,99153.508282625,99153.516795666,99153.525265916,,1.0,,1.0,1.0,1.0,0.9767311532981644,0.21426291924870416,0.37351509305387737,0.0,1.0,below_historical_threshold,below_historical_threshold,historical_median_minus_mad_floor,14.0,0.0,0.00851304100069683,0.008470250002574176,0.04026053473353386,3.2755418289878744,vcaa,badnets,0.39589904248714447,0.07352051427438855,-1.2994183780725084,0.0,0.0,robust_relative_sigmoid,1.0,0.0,0.5,2.0,runtime-calibrated
3ef75fdf27cb,cifar10,0,27,server-client,4,dirichlet,vcaa,3,True,0.7889768181958252,1.0,0.008563875002437271,27.0,26.0,0.1015625,1.9124596118927002,0.35845881700515747,10.0,0.1015625,0.5094157457351685,0.9863780736923218,0.42472970485687256,,,27.0,,0.0,0.0,1.0,0.9881981431198634,0.008563875002437271,vcaa-v5-lineage-content-admission-runtime-age,fail_closed,fedagg-results-v3,5,26.0,99153.516702041,99153.516808458,99153.525265916,,1.0,,1.0,1.0,1.0,0.9881981431198634,0.5967988276216104,0.37351509305387737,1.0,1.0,,,historical_median_minus_mad_floor,14.0,0.7889768181958252,0.00010641699191182852,0.008457458010525443,0.013715562410652637,0.6744907594765952,vcaa,badnets,0.39589904248714447,0.07352051427438855,0.3921444600091906,0.4670027395417473,0.9340054790834946,robust_relative_sigmoid,1.0,1.0,0.5,2.0,runtime-calibrated
3ef75fdf27cb,cifar10,0,28,server-client,4,dirichlet,vcaa,0,True,0.9078976013115181,1.0,0.03455416600627359,28.0,27.0,0.1015625,1.6937142610549927,0.45678040385246277,10.0,0.1015625,1.0,0.9955146312713623,0.5496599078178406,,,28.0,,0.0,0.0,1.0,0.9532269647602146,0.03455416600627359,vcaa-v5-lineage-content-admission-runtime-age,fail_closed,fedagg-results-v3,5,27.0,99155.208321,99155.234393833,99155.242875166,,1.0,,1.0,1.0,1.0,0.9532269647602146,0.9048928217004453,0.3758031249046326,1.0,1.0,,,historical_median_minus_mad_floor,13.0,0.9078976013115181,0.026072833003127016,0.008481333003146574,0.004495457746088505,0.0,vcaa,badnets,0.40540195256471634,0.0640346160504967,2.2528120593299823,0.38245820188285007,1.14737460564855,robust_relative_sigmoid,1.0,1.0,0.5,2.0,runtime-calibrated
3ef75fdf27cb,cifar10,0,28,server-client,4,dirichlet,vcaa,1,True,0.6892448563863688,1.0,0.02549675000773277,28.0,27.0,0.1015625,2.009002208709717,0.2514066696166992,10.0,0.1015625,0.3698972463607788,0.97439044713974,0.3868531733751297,,,28.0,,0.0,0.0,1.0,0.9652713738399654,0.02549675000773277,vcaa-v5-lineage-content-admission-runtime-age,fail_closed,fedagg-results-v3,5,27.0,99155.217378416,99155.234410625,99155.242875166,,1.0,,1.0,1.0,1.0,0.9652713738399654,0.42808514800241093,0.3758031249046326,1.0,1.0,,,historical_median_minus_mad_floor,13.0,0.6892448563863688,0.017032208997989073,0.008464541009743698,0.0259432140737772,0.9945300204737324,vcaa,badnets,0.40540195256471634,0.0640346160504967,-0.289668000429008,0.2903492068375724,0.8710476205127173,robust_relative_sigmoid,1.0,1.0,0.5,2.0,runtime-calibrated
3ef75fdf27cb,cifar10,0,28,server-client,4,dirichlet,vcaa,2,False,0.0,1.0,0.017174041000544094,28.0,27.0,0.1015625,1.1472601890563965,0.9110463857650757,10.0,0.1015625,0.17840304970741272,0.9634289145469666,0.3362392410635948,,,28.0,,0.0,0.0,1.0,0.9764729049116053,0.017174041000544094,vcaa-v5-lineage-content-admission-runtime-age,fail_closed,fedagg-results-v3,5,27.0,99155.225701125,99155.234423083,99155.242875166,,1.0,,1.0,1.0,1.0,0.9764729049116053,0.25349027663021073,0.3758031249046326,0.0,1.0,below_historical_threshold,below_historical_threshold,historical_median_minus_mad_floor,13.0,0.0,0.008721958001842722,0.008452082998701371,0.03725656867027283,1.7237099719646556,vcaa,badnets,0.40540195256471634,0.0640346160504967,-1.08008317636481,0.0,0.0,robust_relative_sigmoid,1.0,0.0,0.5,2.0,runtime-calibrated
3ef75fdf27cb,cifar10,0,28,server-client,4,dirichlet,vcaa,3,True,0.7767054473592366,1.0,0.008541791001334786,28.0,27.0,0.1015625,1.9075427055358887,0.3673585057258606,10.0,0.1015625,0.5094157457351685,0.9832621812820435,0.423950731754303,,,28.0,,0.0,0.0,1.0,0.9882283971961962,0.008541791001334786,vcaa-v5-lineage-content-admission-runtime-age,fail_closed,fedagg-results-v3,5,27.0,99155.234333375,99155.234435083,99155.242875166,,1.0,,1.0,1.0,1.0,0.9882283971961962,0.5719148519975891,0.3758031249046326,1.0,1.0,,,historical_median_minus_mad_floor,13.0,0.7767054473592366,0.000101707992143929,0.008440083009190857,0.016879502683877945,0.6744907594765952,vcaa,badnets,0.40540195256471634,0.0640346160504967,0.289668000429008,0.32719259127957745,0.9815777738387323,robust_relative_sigmoid,1.0,1.0,0.5,2.0,runtime-calibrated
3ef75fdf27cb,cifar10,0,29,server-client,4,dirichlet,vcaa,0,True,0.9098647041082096,1.0,0.03470512499916367,29.0,28.0,0.1015625,1.6419774293899536,0.489829957485199,10.0,0.1015625,1.0,0.9945762753486633,0.5494253188371658,,,29.0,,0.0,0.0,1.0,0.9530275003931477,0.03470512499916367,vcaa-v5-lineage-content-admission-runtime-age,fail_closed,fedagg-results-v3,5,28.0,99156.906415625,99156.932493208,99156.94112075,,1.0,,1.0,1.0,1.0,0.9530275003931477,0.9094196205940913,0.3682080946832895,1.0,1.0,,,historical_median_minus_mad_floor,13.0,0.9098647041082096,0.02607758301019203,0.008627541988971643,0.005438487511128187,0.0,vcaa,badnets,0.4132806099951267,0.05902477205246687,2.306568989728934,0.3831368952190781,1.1494106856572344,robust_relative_sigmoid,1.0,1.0,0.5,2.0,runtime-calibrated
3ef75fdf27cb,cifar10,0,29,server-client,4,dirichlet,vcaa,1,True,0.7030305986945775,1.0,0.026041124991024844,29.0,28.0,0.1015625,2.008009672164917,0.2527432143688202,10.0,0.1015625,0.44208142161369324,0.9679182767868042,0.40328117460012436,,,29.0,,0.0,0.0,1.0,0.9645431931136103,0.026041124991024844,vcaa-v5-lineage-content-admission-runtime-age,fail_closed,fedagg-results-v3,5,28.0,99156.915079625,99156.932511083,99156.94112075,,1.0,,1.0,1.0,1.0,0.9645431931136103,0.4577482972538482,0.3682080946832895,1.0,1.0,,,historical_median_minus_mad_floor,13.0,0.7030305986945775,0.017431457992643118,0.008609666998381726,0.03260760009288788,0.8162612412792507,vcaa,badnets,0.4132806099951267,0.05902477205246687,-0.16941082612083466,0.2960406746317919,0.8881220238953758,robust_relative_sigmoid,1.0,1.0,0.5,2.0,runtime-calibrated
3ef75fdf27cb,cifar10,0,29,server-client,4,dirichlet,vcaa,2,False,0.0,1.0,0.01761124999029562,29.0,28.0,0.1015625,1.0722460746765137,0.9816544055938721,10.0,0.1015625,0.2806869149208069,0.9574747085571289,0.36032165586948395,,,29.0,,0.0,0.0,1.0,0.9758812436563787,0.01761124999029562,vcaa-v5-lineage-content-admission-runtime-age,fail_closed,fedagg-results-v3,5,28.0,99156.9235095,99156.93252375,99156.94112075,,1.0,,1.0,1.0,1.0,0.9758812436563787,0.28961951530309865,0.3682080946832895,0.0,1.0,below_historical_threshold,below_historical_threshold,historical_median_minus_mad_floor,13.0,0.0,0.009014249997562729,0.00859699999273289,0.04345595836639404,1.270515458606782,vcaa,badnets,0.4132806099951267,0.05902477205246687,-0.8972326750972929,0.0,0.0,robust_relative_sigmoid,1.0,0.0,0.5,2.0,runtime-calibrated
3ef75fdf27cb,cifar10,0,29,server-client,4,dirichlet,vcaa,3,True,0.7618817428480839,1.0,0.00869962498836685,29.0,28.0,0.1015625,1.9444361925125122,0.33516231179237366,10.0,0.1015625,0.5094157457351685,0.9805794358253479,0.4232800453901291,,,29.0,,0.0,0.0,1.0,0.9880121921622367,0.00869962498836685,vcaa-v5-lineage-content-admission-runtime-age,fail_closed,fedagg-results-v3,5,28.0,99156.932421125,99156.932535666,99156.94112075,,1.0,,1.0,1.0,1.0,0.9880121921622367,0.5422517027461518,0.3682080946832895,1.0,1.0,,,historical_median_minus_mad_floor,13.0,0.7618817428480839,0.00011454099148977548,0.008585083996877074,0.019611619412899017,0.6744907594765952,vcaa,badnets,0.4132806099951267,0.05902477205246687,0.16941082612083466,0.32082243014913,0.9624672904473899,robust_relative_sigmoid,1.0,1.0,0.5,2.0,runtime-calibrated
3ef75fdf27cb,cifar10,0,30,server-client,4,dirichlet,vcaa,0,True,0.9117392864207547,1.0,0.03492000000551343,30.0,29.0,0.1015625,1.580163598060608,0.5292413234710693,10.0,0.1015625,1.0,0.9956713318824768,0.5496990829706192,,,30.0,,0.0,0.0,1.0,0.9527436548301939,0.03492000000551343,vcaa-v5-lineage-content-admission-runtime-age,fail_closed,fedagg-results-v3,5,29.0,99158.632419,99158.658513541,99158.667339,,1.0,,1.0,1.0,1.0,0.9527436548301939,0.913923607464492,0.36822593629956246,1.0,1.0,,,historical_median_minus_mad_floor,13.0,0.9117392864207547,0.026094540997291915,0.008825459008221515,0.004338081460446119,0.0,vcaa,badnets,0.4102523624897003,0.05902477205246687,2.3625118002482974,0.3836665142110041,1.1509995426330124,robust_relative_sigmoid,1.0,1.0,0.5,2.0,runtime-calibrated
3ef75fdf27cb,cifar10,0,30,server-client,4,dirichlet,vcaa,1,True,0.6956888608219094,1.0,0.026293709001038224,30.0,29.0,0.1015625,1.9130995273590088,0.3187752962112427,10.0,0.1015625,0.4120382070541382,0.9718095660209656,0.39674319326877594,,,30.0,,0.0,0.0,1.0,0.9642055118549769,0.026293709001038224,vcaa-v5-lineage-content-admission-runtime-age,fail_closed,fedagg-results-v3,5,29.0,99158.641045291,99158.658530333,99158.667339,,1.0,,1.0,1.0,1.0,0.9642055118549769,0.4430302508508077,0.36822593629956246,1.0,1.0,,,historical_median_minus_mad_floor,13.0,0.6956888608219094,0.0174850420007715,0.008808667000266723,0.028595391660928726,0.8866392230339653,vcaa,badnets,0.4102523624897003,0.05902477205246687,-0.22887287406914736,0.29275092582090406,0.8782527774627122,robust_relative_sigmoid,1.0,1.0,0.5,2.0,runtime-calibrated
3ef75fdf27cb,cifar10,0,30,server-client,4,dirichlet,vcaa,2,False,0.0,1.0,0.01770958400447853,30.0,29.0,0.1015625,1.0974748134613037,0.9450967311859131,10.0,0.1015625,0.2765274941921234,0.9718154668807983,0.36286699026823044,,,30.0,,0.0,0.0,1.0,0.9757482207002505,0.01770958400447853,vcaa-v5-lineage-content-admission-runtime-age,fail_closed,fedagg-results-v3,5,29.0,99158.649629416,99158.6585425,99158.667339,,1.0,,1.0,1.0,1.0,0.9757482207002505,0.3094258579944055,0.36822593629956246,0.0,1.0,below_historical_threshold,below_historical_threshold,historical_median_minus_mad_floor,13.0,0.0,0.00891308399150148,0.008796500012977049,0.028589360415935516,1.2854449498622846,vcaa,badnets,0.4102523624897003,0.05902477205246687,-0.8028048321702831,0.0,0.0,robust_relative_sigmoid,1.0,0.0,0.5,2.0,runtime-calibrated
3ef75fdf27cb,cifar10,0,30,server-client,4,dirichlet,vcaa,3,True,0.7689566886758745,1.0,0.008883334012352861,30.0,29.0,0.1015625,1.8334370851516724,0.418594092130661,10.0,0.1015625,0.5094157457351685,0.9825053811073303,0.4237615317106247,,,30.0,,0.0,0.0,1.0,0.9877606024087131,0.008883334012352861,vcaa-v5-lineage-content-admission-runtime-age,fail_closed,fedagg-results-v3,5,29.0,99158.658455666,99158.658554208,99158.667339,,1.0,,1.0,1.0,1.0,0.9877606024087131,0.5569697491491923,0.36822593629956246,1.0,1.0,,,historical_median_minus_mad_floor,13.0,0.7689566886758745,9.854200470726937e-05,0.008784792007645592,0.017649458721280098,0.6744907594765952,vcaa,badnets,0.4102523624897003,0.05902477205246687,0.22887287406914736,0.3235825599680918,0.9707476799042755,robust_relative_sigmoid,1.0,1.0,0.5,2.0,runtime-calibrated
